event_id,event_date,event_title,location_description,location_accuracy,landslide_trigger,landslide_size,landslide_category,fatality_count,country_name,admin_division_name,source_name,source_link,latitude,longitude
130,07/19/2007 12:00:00 AM,Guwahati,Guwahati,25km,rain,medium,landslide,6,India,Assam,Saharas Samay,http://www.saharasamay.com/samayhtml/articles.aspx?newsid=80536,26.1699,91.7986
141,07/26/2007 12:00:00 AM,Singtam,Singtam,50km,rain,medium,landslide,,India,Meghālaya,thestatesman.net,http://www.thestatesman.net/page.news.php?clid=10&theme=&usrsess=1&id=164069,25.38,91.88
142,07/27/2007 12:00:00 AM,Tura,Tura,10km,rain,large,rock_fall,8,India,Meghālaya,Telegraph India,http://telegraphindia.com/1070728/asp/frontpage/story_8116912.asp,25.5212,90.232
211,08/26/2007 12:00:00 AM,Tamenglong,Tamenglong,5km,continuous_rain,medium,mudslide,1,India,Manipur,kanglaonline.com,http://www.kanglaonline.com/index.php?template=headline&newsid=39058&typeid=1,24.9667,93.55
212,08/26/2007 12:00:00 AM,National Highway No 44 at Sonarpur in Meghalaya,National Highway No 44 at Sonarpur in Meghalaya,unknown,rain,medium,complex,,India,Meghālaya,Newspost India.com,http://newspostindia.com/report-12963,25.5576,91.8506
213,08/26/2007 12:00:00 AM,Shillong Road at Kuliang in the Jaintia Hills,Shillong Road at Kuliang in the Jaintia Hills,unknown,rain,medium,landslide,,India,Assam,Telegraph India,http://www.telegraphindia.com/1070830/asp/northeast/story_8253906.asp,25.2946,92.8339
215,08/28/2007 12:00:00 AM,Phesema area at National Highway 39,Phesema area at National Highway 39,50km,rain,medium,landslide,1,India,Nāgāland,Newkerala,http://www.newkerala.com/july.php?action=fullnews&id=56364,25.7428,93.9136
220,08/31/2007 12:00:00 AM,"Velnal village, Tamei sub-division and Toribari village (3 kilometer toward Tamei from Kangpokpi)","Velnal village, Tamei sub-division and Toribari village (3 kilometer toward Tamei from Kangpokpi)",25km,rain,medium,landslide,,India,Manipur,kanglaonline.com,http://www.kanglaonline.com/index.php?template=headline&newsid=39138&typeid=2,25.1333,93.9667
239,09/07/2007 12:00:00 AM,eight kilometres from Chukha dzong,eight kilometres from Chukha dzong,10km,rain,medium,landslide,2,Bhutan,Chhukha,Kuensel Newspaper online,http://www.kuenselonline.com/modules.php?name=News&file=article&sid=9050,27.0667,89.5833
247,09/08/2007 12:00:00 AM,"Lower Shajouba village near Tadubi along NH 39, Manipur ","Lower Shajouba village near Tadubi along NH 39, Manipur ",50km,rain,medium,landslide,,India,Manipur,kanglaonline.com,http://www.kanglaonline.com/index.php?template=headline&newsid=39218&typeid=2,25.0604,93.9877
252,09/09/2007 12:00:00 AM,"Mao in Manipur, Phipema and Chunikhudima in Nagaland","Mao in Manipur, Phipema and Chunikhudima in Nagaland",25km,rain,medium,landslide,,India,Nāgāland,kanglaonline.com,http://www.kanglaonline.com/index.php?template=headline&newsid=39229&typeid=2,25.4993,94.1192
253,09/10/2007 12:00:00 AM,Nabinagar in Chittagong,Nabinagar in Chittagong,5km,rain,medium,mudslide,2,Bangladesh,Chittagong,The Daily Star,http://www.thedailystar.net/story.php?nid=3742,23.8917,90.9733
254,09/10/2007 12:00:00 AM,Baling Primary School in Trongsa,Baling Primary School in Trongsa,50km,rain,medium,landslide,,Bhutan,Shemgang,Kuensel Newspaper online,http://www.kuenselonline.com/modules.php?name=News&file=article&sid=9111,27.0971,90.4032
255,09/10/2007 12:00:00 AM,Wamkhu village along the Tengnoupal-Joupi road in Chandel district,Wamkhu village along the Tengnoupal-Joupi road in Chandel district,25km,rain,medium,landslide,,India,Manipur,e-Pao.net,http://www.e-pao.net/GP.asp?src=Snipp7..120907.sep07,24.2451,94.0691
258,09/11/2007 12:00:00 AM,"NH-39 at Imphal-Moreh section, Lokchao largest event","NH-39 at Imphal-Moreh section, Lokchao largest event",50km,rain,medium,landslide,3,India,Manipur,kanglaonline.com,http://www.kanglaonline.com/index.php?template=headline&newsid=39255&typeid=1,24.4279,94.0564
259,09/11/2007 12:00:00 AM,"Assam-Agartala National Highway, Sonarpur in Jayantiya hills of Meghalaya","Assam-Agartala National Highway, Sonarpur in Jayantiya hills of Meghalaya",unknown,rain,medium,landslide,,India,Meghālaya,India times,http://timesofindia.indiatimes.com/India/Flood-hit_Tripura_Mizoram_remain_cut_off_for_seventh_day/articleshow/2380211.cms,25.52,91.27
264,09/13/2007 12:00:00 AM,Guwahati,Guwahati,10km,rain,medium,landslide,,India,Assam,Saharas Samay,http://www.saharasamay.com/samayhtml/articles.aspx?newsid=84791,26.1833,91.8
285,09/29/2007 12:00:00 AM,"National Highway, 45 Aizwal (Mizoram)","National Highway, 45 Aizwal (Mizoram)",50km,rain,medium,landslide,,India,Mizoram,Newkerala,http://www.newkerala.com/oct.php?action=fullnews&id=7498,24.1293,92.6921
313,10/16/2007 12:00:00 AM,"NH-39 at Piphema,  6 km towards Dimapur from Kohima in Nagaland","NH-39 at Piphema,  6 km towards Dimapur from Kohima in Nagaland",5km,rain,large,landslide,,India,Nāgāland,kanglaonline.com,http://www.kanglaonline.com/index.php?template=headline&newsid=39638&typeid=2,25.7055,94.0132
319,10/19/2007 12:00:00 AM,"Maram-Purul Road, Karong Assembly Constituency of Senapati district, Manipur","Maram-Purul Road, Karong Assembly Constituency of Senapati district, Manipur",50km,rain,medium,landslide,,India,Nāgāland,e-Pao.net,http://www.e-pao.net/GP.asp?src=5..211007.oct07,25.4379,94.1162
322,10/21/2007 12:00:00 AM,National Highway 53 at Nungba in Tamenglong district of Manipur,National Highway 53 at Nungba in Tamenglong district of Manipur,25km,rain,medium,landslide,,India,Assam,Hmar.net,http://hmar.net/?p=1870,24.75,93.4333
545,05/20/2008 12:00:00 AM,"A Cachar District village, near village of Srinager, Assam","A Cachar District village, near village of Srinager, Assam",50km,mining,medium,mudslide,5,India,Assam,Telegraph India,http://www.telegraphindia.com/1080521/jsp/northeast/story_9297276.jsp,24.9849,92.8411
574,06/07/2008 12:00:00 AM,"Wangkha, about 90 km south of the capital, Thimphu","Wangkha, about 90 km south of the capital, Thimphu",50km,rain,medium,complex,12,Bhutan,Chhukha,in.reuters,http://in.reuters.com/article/topNews/idINIndia-33975420080609,26.7969,89.591
580,06/09/2008 12:00:00 AM,"near Kuloor church, in Manipur along National Highway","near Kuloor church, in Manipur along National Highway",unknown,monsoon,medium,landslide,,India,Manipur,daijiworld,"http://www.daijiworld.com/news/news_disp.asp?n_id=47500&n_tit=Mangalore:+Monsoon+Continues+to+Strike;+Landslide,+Houses+Collapse",24.6596,93.9784
585,06/14/2008 12:00:00 AM,"Itanagar-Naharlagun, Arunachal Pradesh","Itanagar-Naharlagun, Arunachal Pradesh",25km,rain,large,landslide,21,India,Arunāchal Pradesh,ukpress.google,http://ukpress.google.com/article/ALeqM5iM8gWKcS4OLf66hwzNMnaybAaZYA,27.0998,93.6287
587,06/15/2008 12:00:00 AM,"Lakhimpur district, Bihpuria, Assam","Lakhimpur district, Bihpuria, Assam",25km,downpour,medium,landslide,17,India,Assam,Telegraph India,http://www.telegraphindia.com/1080616/jsp/northeast/story_9416169.jsp,27.2298,94.0989
594,06/19/2008 12:00:00 AM,"Namkaoluang village, Tamenglong-Sangrung (Khongsang) road, NH-53, Manipur","Namkaoluang village, Tamenglong-Sangrung (Khongsang) road, NH-53, Manipur",25km,monsoon,medium,mudslide,,India,Manipur,kanglaonline,http://www.kanglaonline.com/index.php?template=headline&newsid=42473&typeid=2,24.9336,93.8275
678,07/30/2008 12:00:00 AM,"Hmawzizar Jade Mine in Phakant, Pha-Kant in Kachin state","Hmawzizar Jade Mine in Phakant, Pha-Kant in Kachin state",25km,downpour,large,complex,20,Myanmar [Burma],Kachin,reuters,http://www.reuters.com/article/latestCrisis/idUSBKK101112,25.606,96.275
683,08/01/2008 12:00:00 AM,"Meghalaya, Kalaphahar kills","Meghalaya, Kalaphahar kills",50km,rain,medium,landslide,,Bangladesh,Sylhet,morungexpress,http://www.morungexpress.com/regional/1752.html,24.896,91.9022
692,08/07/2008 12:00:00 AM,"National Highway-39, Dimapur-Imphal road and another under Kiphire district of Nagaland","National Highway-39, Dimapur-Imphal road and another under Kiphire district of Nagaland",10km,downpour,medium,landslide,,India,Nāgāland,kanglaonline,http://www.kanglaonline.com/index.php?template=headline&newsid=43094&typeid=1,25.705,94.04
714,08/14/2008 12:00:00 AM,"Kimin-Ziro road in Papum Pare district, road between Doimukh and Sagalee, Doimukh-Hoj road; Arunachal Pradesh","Kimin-Ziro road in Papum Pare district, road between Doimukh and Sagalee, Doimukh-Hoj road; Arunachal Pradesh",50km,rain,medium,landslide,,India,Assam,morungexpress,http://www.morungexpress.com/regional/1615.html,27.163,94
731,08/19/2008 12:00:00 AM,"Akuk village, Wokha District, Nagaland","Akuk village, Wokha District, Nagaland",50km,downpour,medium,mudslide,4,India,Nāgāland,morungexpress,http://www.morungexpress.com/frontpage/1984.html,26.138,94.25
758,08/29/2008 12:00:00 AM,"Dangapong, Shingkhar gewog in Zhemgang","Dangapong, Shingkhar gewog in Zhemgang",50km,rain,medium,mudslide,,Bhutan,Shemgang,kuenselonline,http://www.kuenselonline.com/modules.php?name=News&file=article&sid=11090,27.05,90.8
760,08/29/2008 12:00:00 AM,"Kohima, Nagaland","Kohima, Nagaland",25km,downpour,medium,complex,,India,Nāgāland,kanglaonline,http://www.kanglaonline.com/index.php?template=headline&newsid=43189&typeid=1,25.67,94.1066
868,10/29/2008 12:00:00 AM,"Kamrup, and Sonitpur, Assam","Kamrup, and Sonitpur, Assam",50km,downpour,medium,landslide,7,India,Assam,in.reuters,http://in.reuters.com/article/topNews/idINIndia-36198420081029,26.3333,91.25
869,10/29/2008 12:00:00 AM,North Lakhimpur ,North Lakhimpur ,50km,downpour,medium,landslide,,India,Assam,rttnews,http://www.rttnews.com/ArticleView.aspx?Id=758386&SMap=1,27.2333,94.1167
870,10/29/2008 12:00:00 AM,"West Kameng, Arunachal Pradesh","West Kameng, Arunachal Pradesh",50km,downpour,medium,mudslide,12,India,Arunāchal Pradesh,sindhtoday,http://www.sindhtoday.net/south-asia/32058.htm,27.4,92.35
1027,05/18/2009 08:00:00 AM,"Sreemangal upazila, Moulvibazer.","Sreemangal upazila, Moulvibazer.",10km,downpour,medium,mudslide,6,Bangladesh,,Headlines India,http://www.headlinesindia.com/natural-disasters/flood/darjeeling-landslide-toll-reaches-27-12747.html,24.3083,91.7333
1051,07/04/2009 12:00:00 AM,"right bank of Phakant-Lonkhin road in Phakant, Myanmar's northern Kachin state","right bank of Phakant-Lonkhin road in Phakant, Myanmar's northern Kachin state",50km,downpour,large,landslide,24,Myanmar [Burma],Kachin,alertnet,http://www.alertnet.org/thenews/newsdesk/124765104488.htm,26.026,97.3715
1084,08/12/2009 12:00:00 AM,"Upper Subansiri District, Arunanchal Pradesh","Upper Subansiri District, Arunanchal Pradesh",5km,downpour,medium,landslide,0,India,Arunāchal Pradesh,timesofindia.indiatimes,http://timesofindia.indiatimes.com/news/city/guwahati/Landslides-snap-road-links-in-Arunachal-district/articleshow/4916000.cms,27.7,92.8
1099,08/18/2009 01:00:00 PM,"Takti,(near Chukha) along Phuentsholing-Thimphu highway ","Takti,(near Chukha) along Phuentsholing-Thimphu highway ",5km,downpour,medium,landslide,1,Bhutan,Chhukha,myrepublica,http://www.myrepublica.com/portal/index.php?action=news_details&news_id=8836,27.044,89.5744
1100,08/18/2009 06:00:00 PM,Sorchen along Phuentsholing-Thimphu highway ,Sorchen along Phuentsholing-Thimphu highway ,1km,downpour,medium,landslide,0,Bhutan,Chhukha,kuenselonline,http://www.kuenselonline.com/modules.php?name=News&file=article&sid=13240,26.8928,89.4497
1108,08/20/2009 12:00:00 AM,"Tamei, Tamenglong district on Imphal-Tamenglong (IT) road","Tamei, Tamenglong district on Imphal-Tamenglong (IT) road",10km,downpour,medium,landslide,0,India,Assam,kanglaonline,http://www.kanglaonline.com/index.php?template=headline&newsid=48686&typeid=2,24.9925,93.5
1109,08/20/2009 12:00:00 AM,Lumding-Badarpur section in North Cachar Hills district,Lumding-Badarpur section in North Cachar Hills district,25km,downpour,medium,landslide,0,India,Assam,prokerala,http://www.prokerala.com/news/articles/a75292.html,25.5215,93.1645
1127,08/27/2009 12:00:00 AM,between Mahur and Phaiding railway stations on Barail hills (Mahur and Barail hills located),between Mahur and Phaiding railway stations on Barail hills (Mahur and Barail hills located),10km,downpour,medium,landslide,,India,Assam,prokerala,http://www.prokerala.com/news/articles/a75292.html,25.1718,93.123
1129,08/30/2009 12:00:00 AM,"Road stretch from Gammom to Chamu village, under Kamjong block, Ukhrul district, Manipur","Road stretch from Gammom to Chamu village, under Kamjong block, Ukhrul district, Manipur",50km,downpour,medium,landslide,,India,Manipur,e-pao.net,http://e-pao.net/GP.asp?src=9..070909.sep09,24.8628,94.4182
1222,10/05/2009 12:00:00 AM,"Chhinga Veng, Aizawl","Chhinga Veng, Aizawl",5km,downpour,medium,landslide,3,India,Mizoram,ptinews,http://www.ptinews.com/news/316483_Three-killed--ten-injured-in-Mizoram-landslide,23.73478778,92.72124394
1225,10/06/2009 12:00:00 AM,"20 districts, with the heaviest showers in southern Bhutan, followed by western Bhutan ","20 districts, with the heaviest showers in southern Bhutan, followed by western Bhutan ",unknown,downpour,medium,landslide,,Bhutan,Shemgang,zeenews,http://www.zeenews.com/news569539.html,27.0524,90.4997
1260,10/15/2009 12:00:00 AM,"Thimphu-Paro highway near Tamchoe drupchhu, five km from Chhuzom towards Paro","Thimphu-Paro highway near Tamchoe drupchhu, five km from Chhuzom towards Paro",5km,rain,small,mudslide,0,Bhutan,Paro,bhutanobserver,http://www.bhutanobserver.bt/2009/bhutan-news/10/massive-mudslide-blocks-highway.html,27.3144,89.545
1596,03/27/2010 08:00:00 PM,"LangthAbal Khoupum, Imphal, Manipur","LangthAbal Khoupum, Imphal, Manipur",5km,downpour,medium,mudslide,0,India,Manipur,news.oneindia,http://news.oneindia.in/2010/03/29/rainsstorm-cause-havoc-inmanipur.html,24.7339,93.9161
1611,04/01/2010 12:00:00 AM,"Paglanala village, Dholai Block, near Dwarbandh locality of the district, Cachar district (could only find district) 45 km from Silchar, Assam","Paglanala village, Dholai Block, near Dwarbandh locality of the district, Cachar district (could only find district) 45 km from Silchar, Assam",25km,downpour,medium,landslide,3,India,Assam,en.apa,http://en.apa.az/news.php?id=119178,25.1553,93.028
1613,04/02/2010 11:00:00 PM,"Koloriang, Kuring Kumey district, Arunachal Pradesh","Koloriang, Kuring Kumey district, Arunachal Pradesh",1km,downpour,large,mudslide,12,India,Arunāchal Pradesh,english.peopledaily,http://english.peopledaily.com.cn/90001/90777/90852/6938742.html,27.8997,93.3497
1770,04/20/2010 12:00:00 AM,"Kharghuli, Guwahati, Assam","Kharghuli, Guwahati, Assam",1km,downpour,medium,landslide,0,India,Assam,assamtribune,http://www.assamtribune.com/scripts/detailsnew.asp?id=apr2110/at06,26.1965,91.763
1771,04/20/2010 12:00:00 AM,"Raj Bhavan Guwahati, Assam","Raj Bhavan Guwahati, Assam",exact,downpour,medium,landslide,0,India,Assam,assamtribune,http://www.assamtribune.com/scripts/detailsnew.asp?id=apr2110/at06,26.1978,91.7665
1775,04/21/2010 12:00:00 AM,Arunachal Pradesh ,Arunachal Pradesh ,unknown,downpour,medium,landslide,12,India,Arunāchal Pradesh,gsi.gov,"http://www.portal.gsi.gov.in/portal/page?_pageid=127,875814&_dad=portal&_schema=PORTAL",27.8965,96.1779
1776,04/21/2010 12:00:00 AM,Shillong-Jowai(Jwai)-Badarpur National Highway(NH 44) at Sunapur village in Jaintia Hills District,Shillong-Jowai(Jwai)-Badarpur National Highway(NH 44) at Sunapur village in Jaintia Hills District,25km,downpour,medium,landslide,0,India,Meghālaya,hmar.in,http://hmar.in/news/landslide-blocks-nh-44-for-12-hours,25.3612,92.2845
1857,05/11/2010 09:00:00 AM,"National highway 44 at Sunapur and Tongseng in Jaintia Hills district, eastern Meghalaya","National highway 44 at Sunapur and Tongseng in Jaintia Hills district, eastern Meghalaya",25km,downpour,medium,landslide,0,India,Meghālaya,prokerala,http://www.prokerala.com/news/articles/a135422.html,25.3433,92.2897
1882,05/20/2010 12:00:00 AM,"Thimphu-Phuentsholing highway, at Takti, between Samtse and Punakha ","Thimphu-Phuentsholing highway, at Takti, between Samtse and Punakha ",50km,downpour,medium,landslide,,Bhutan,Paro,Antara News,http://www.kuenselonline.com/modules.php?name=News&file=article&sid=15535,27.21962595,89.5187916
9681,05/21/2010 12:00:00 AM,"Thimphu-Phuentsholing highway, at Takti, between Samtse and Punakha ","Thimphu-Phuentsholing highway, at Takti, between Samtse and Punakha ",50km,downpour,medium,landslide,,Bhutan,Paro,Antara News,http://www.antara.co.id/en/news/1274440013/landslides-again-hit-garut,27.21898773,89.5187916
1930,05/31/2010 12:00:00 AM,"Anini-Roing road,  Dibang Valley,  Arunachal Pradesh ","Anini-Roing road,  Dibang Valley,  Arunachal Pradesh ",50km,downpour,medium,landslide,0,India,Arunāchal Pradesh,indianexpress,http://www.indianexpress.com/news/N-E-border-dist-cut-off-by-landslides--runs-out-of-supplies/627610,28.4298,95.8776
1934,06/03/2010 05:00:00 AM,Rongpur village under Bhairabhnagar panchayat in Karimganj district,Rongpur village under Bhairabhnagar panchayat in Karimganj district,25km,downpour,medium,landslide,2,India,Assam,Telegraph India,http://www.telegraphindia.com/1100605/jsp/northeast/story_12529386.jsp,24.6005,92.3814
1935,06/03/2010 12:00:00 AM,"atharamura hills, Highway 44, Tripura","atharamura hills, Highway 44, Tripura",5km,downpour,medium,landslide,0,India,Tripura,Telegraph India,http://www.telegraphindia.com/1100605/jsp/northeast/story_12529386.jsp,23.8986,91.7599
1954,06/07/2010 12:00:00 AM,"Irang(?) and Barak(?) and Makru(?) on highway 53 between Imphal and Jiribam, Manipur","Irang(?) and Barak(?) and Makru(?) on highway 53 between Imphal and Jiribam, Manipur",50km,rain,medium,landslide,0,India,Manipur,e-pao.net,http://e-pao.net/GP.asp?src=3..100610.jun10,24.7543,93.5039
1961,06/09/2010 02:15:00 PM,"Ishok Chingphu(?), Bishnupur, Assam","Ishok Chingphu(?), Bishnupur, Assam",50km,downpour,medium,landslide,0,India,Meghālaya,e-pao.net,http://e-pao.net/GP.asp?src=Snipp3..100610.jun10,25.8833,91.2
1986,06/15/2010 12:00:00 AM,"Fazl Ali College, Mokokchung, Nagaland","Fazl Ali College, Mokokchung, Nagaland",1km,downpour,medium,landslide,0,India,Nāgāland,morungexpress,http://www.morungexpress.com/local/50451.html,26.3335,94.5512
1987,06/15/2010 12:00:00 AM,"rails between Mahur and Wadringdisa(?), Assam","rails between Mahur and Wadringdisa(?), Assam",25km,downpour,medium,landslide,0,India,Assam,ptinews,http://www.ptinews.com/news/721800_Landslides--blockade-hit-trains-services-in-NC-Hills,25.2269,93.1658
1994,06/16/2010 12:00:00 AM,"rails between Jatinga and Longrangjao(?), Assam","rails between Jatinga and Longrangjao(?), Assam",25km,downpour,medium,landslide,0,India,Assam,ptinews,http://www.ptinews.com/news/721800_Landslides--blockade-hit-trains-services-in-NC-Hills,25.0633,92.8025
1996,06/17/2010 07:30:00 PM,"Shayoung Ward(?), Longleng, Nagaland","Shayoung Ward(?), Longleng, Nagaland",25km,downpour,medium,landslide,0,India,Nāgāland,morungexpress,http://www.morungexpress.com/local/50546.html,26.4333,94.8833
2025,06/28/2010 12:00:00 AM,"Police CID complex(?), Shillong, Meghalaya","Police CID complex(?), Shillong, Meghalaya",5km,downpour,medium,landslide,1,India,Meghālaya,hindustantimes,http://www.hindustantimes.com/Girl-dies-in-landslide-flash-flood-wrecks-havoc-in-Meghalaya/Article1-564450.aspx,25.5728,91.885
2026,06/28/2010 12:00:00 AM,"Borsorsa(?), West Khasi Hills, Meghalaya","Borsorsa(?), West Khasi Hills, Meghalaya",50km,downpour,medium,landslide,0,India,Meghālaya,neinews,http://www.neinews.com/girl-dies-5-injured-in-city-l2-missing-trucks-trapped-in-borsora.html,25.4916,91.2698
2042,07/06/2010 12:00:00 AM,"Zunheboto, Nagaland","Zunheboto, Nagaland",5km,monsoon,medium,mudslide,0,India,Nāgāland,morungexpress,http://www.morungexpress.com/local/51540.html,26.0093,94.5238
2043,07/06/2010 12:00:00 AM,"Mon, Nagaland","Mon, Nagaland",5km,monsoon,medium,mudslide,0,India,Nāgāland,morungexpress,http://www.morungexpress.com/local/51540.html,26.7225,95.0281
2044,07/06/2010 12:00:00 AM,"Kiphire,  Nagaland","Kiphire,  Nagaland",5km,monsoon,medium,mudslide,0,India,Nāgāland,morungexpress,http://www.morungexpress.com/local/51540.html,25.8877,94.7861
2045,07/06/2010 12:00:00 AM,"Tuensang, Nagaland","Tuensang, Nagaland",5km,monsoon,medium,mudslide,0,India,Nāgāland,morungexpress,http://www.morungexpress.com/local/51540.html,26.2363,94.8133
2067,07/13/2010 12:00:00 AM,"near Takti, Thimphu-Phuentsholing highway","near Takti, Thimphu-Phuentsholing highway",25km,downpour,medium,complex,0,Bhutan,Paro,Google News,http://www.kuenselonline.com/modules.php?name=News&file=article&sid=16068,27.21782272,89.51924545
2084,07/15/2010 12:00:00 AM,"road between Hsaidaung(?) and Hpakant, Kachin","road between Hsaidaung(?) and Hpakant, Kachin",25km,downpour,medium,landslide,0,Myanmar [Burma],Kachin,dvb,http://www.dvb.no/news/flooding-adds-to-kachin-state%E2%80%99s-woes/10780,25.6167,96.3167
2098,07/19/2010 06:00:00 AM,"Jahjon ward(?), Mon town, Nagaland","Jahjon ward(?), Mon town, Nagaland",5km,downpour,medium,landslide,0,India,Nāgāland,nagalandpost,http://www.nagalandpost.com/ShowStory.aspx?npoststoryiden=UzEwMjg4MDU%3D-2pMJ7cwWh98%3D,26.7215,95.0283
2106,07/20/2010 12:00:00 AM,"road to Oting near Longlam village, 13 km from Tizit subdivision, Mon district, Nagaland","road to Oting near Longlam village, 13 km from Tizit subdivision, Mon district, Nagaland",25km,downpour,medium,landslide,0,India,Nāgāland,nagalandpost,http://www.nagalandpost.com/ShowStory.aspx?npoststoryiden=UzEwMjg5OTY%3D-LvoR7D2GhjI%3D,26.8716,94.9921
2109,07/21/2010 12:00:00 AM,Sunkosh-Dagana rd,Sunkosh-Dagana rd,25km,downpour,medium,landslide,0,Bhutan,Daga,kuenselonline,http://www.kuenselonline.com/modules.php?name=News&file=article&sid=16186,27.0502,89.9442
2110,07/21/2010 02:00:00 AM,"Phuntsholing : 22 July, 2010 - Three people have been killed and five others injured in Pasakha and Phuentsholing by landslides and heavy rains, whic*",,10km,downpour,medium,landslide,3,Bhutan,Chhukha,kuenselonline,http://www.kuenselonline.com/modules.php?name=News&file=article&sid=16168,26.8599,89.3943
2116,07/22/2010 12:00:00 AM,Phuentsholing-Thimphu highway,Phuentsholing-Thimphu highway,10km,downpour,medium,landslide,0,Bhutan,Chhukha,kuenselonline,http://www.kuenselonline.com/modules.php?name=News&file=article&sid=15535,27.0674,89.5615
2117,07/22/2010 12:00:00 AM,Punakha-Gasa rd,Punakha-Gasa rd,50km,downpour,medium,landslide,0,Bhutan,Gasa,kuenselonline,http://www.kuenselonline.com/modules.php?name=News&file=article&sid=16186,27.8122,89.9019
2140,07/25/2010 12:00:00 AM,"road between Halfong and Redzol(?) or Silchar, Assam","road between Halfong and Redzol(?) or Silchar, Assam",25km,downpour,medium,landslide,0,India,Assam,Telegraph India,http://www.telegraphindia.com/1100727/jsp/northeast/story_12728199.jsp,25.0477,92.801
2163,07/29/2010 12:00:00 AM,"Maram area in Senapati district, National Highway 39","Maram area in Senapati district, National Highway 39",5km,downpour,medium,landslide,0,India,Nāgāland,assamtribune,http://www.assamtribune.com/scripts/detailsnew.asp?id=jul3110/oth05,25.4196,94.1054
2164,07/29/2010 11:00:00 PM,"Chingai-Kuingai(Quingai) route (16 kms), Chingai subdivision, Ukhrul district, Manipur","Chingai-Kuingai(Quingai) route (16 kms), Chingai subdivision, Ukhrul district, Manipur",25km,downpour,medium,landslide,0,India,Manipur,E-Pao,http://www.e-pao.net/GP.asp?src=28..210810.aug10,25.3098633,94.48214677
2166,07/29/2010 12:00:00 AM,"Highway 53 at Tupul, Tamenglong district","Highway 53 at Tupul, Tamenglong district",10km,downpour,medium,landslide,0,India,Assam,gsi.gov,"http://www.portal.gsi.gov.in/portal/page?_pageid=127,875814&_dad=portal&_schema=PORTAL",24.9786,93.5027
2182,07/31/2010 09:00:00 AM,Dimapur-Imphal highway (NH 39) near Manipur,Dimapur-Imphal highway (NH 39) near Manipur,25km,rain,medium,landslide,0,India,Manipur,youtube,http://www.youtube.com/watch?v=jHTtW2WaJGw,24.9356,93.8443
2205,08/06/2010 12:00:00 AM,"Dawrpui Vengthar cemetary, Aizwal, Mizoram","Dawrpui Vengthar cemetary, Aizwal, Mizoram",1km,downpour,medium,landslide,0,India,Mizoram,gsi.gov,"http://www.portal.gsi.gov.in/portal/page?_pageid=127,875814&_dad=portal&_schema=PORTAL",23.7365,92.7146
2243,08/13/2010 12:00:00 AM,"NH-39 near Kohima Municipality Council(KMC) dumping ground, between Zubza(Sechu) and Kohima, Nagaland","NH-39 near Kohima Municipality Council(KMC) dumping ground, between Zubza(Sechu) and Kohima, Nagaland",5km,downpour,medium,landslide,0,India,Nāgāland,E-PAO,http://www.e-pao.net/GP.asp?src=21..210810.aug10,25.70223725,94.04619681
2247,08/14/2010 12:00:00 AM,"Tuensang-Shamatore(Sampurre) rd, Nagaland","Tuensang-Shamatore(Sampurre) rd, Nagaland",10km,downpour,medium,landslide,0,India,Nāgāland,morungexpress,http://www.morungexpress.com/frontpage/53726.html,26.148,94.8422
2248,08/14/2010 12:00:00 AM,"Noklak-Tuensang road, Nagaland","Noklak-Tuensang road, Nagaland",25km,downpour,medium,landslide,0,India,Nāgāland,morungexpress,http://www.morungexpress.com/frontpage/53726.html,26.222,94.9152
2249,08/14/2010 12:00:00 AM,"Kiphire-Tuensang rd, Nagaland","Kiphire-Tuensang rd, Nagaland",25km,downpour,medium,landslide,0,India,Nāgāland,morungexpress,http://www.morungexpress.com/frontpage/53726.html,26.0814,94.803
2253,08/15/2010 11:00:00 PM,"Chingai-Kuingai(Quingai) route (16 kms), Chingai subdivision, Ukhrul district, Manipur","Chingai-Kuingai(Quingai) route (16 kms), Chingai subdivision, Ukhrul district, Manipur",25km,downpour,medium,landslide,0,India,Manipur,e-pao,http://www.e-pao.net/GP.asp?src=28..210810.aug10,25.31006064,94.48265093
2263,08/17/2010 12:00:00 AM,"Dikhu bridge(?), Mokokchung-Tuensang road, Nagaland","Dikhu bridge(?), Mokokchung-Tuensang road, Nagaland",25km,downpour,medium,landslide,0,India,Nāgāland,morungexpress,http://www.morungexpress.com/frontpage/53726.html,26.2753,94.6654
2281,08/19/2010 06:00:00 PM,"Kisima, Nagaland","Kisima, Nagaland",5km,downpour,medium,landslide,,India,Nāgāland,E-PAO,http://www.indiablooms.com/EnvironmentDetailsPage/environmentDetails190810a.php,25.61560252,94.11603493
2282,08/19/2010 06:30:00 AM,"Tuensang-Kohima rd, 3 km outside Tuensang, Nagaland","Tuensang-Kohima rd, 3 km outside Tuensang, Nagaland",1km,downpour,medium,landslide,0,India,Nāgāland,indiablooms,http://www.indiablooms.com/EnvironmentDetailsPage/environmentDetails190810a.php,26.1984,94.8158
2283,08/19/2010 12:00:00 AM,"2 km from Khongsang village(?), road between Tamenglong and Imphal or Nungba, Manipur","2 km from Khongsang village(?), road between Tamenglong and Imphal or Nungba, Manipur",5km,downpour,medium,mudslide,0,India,Manipur,e-pao.net,http://e-pao.net/GP.asp?src=21..210810.aug10,24.8961,93.4957
2304,08/21/2010 06:00:00 PM,"NH 39 at Kigwema(?), between Mao Gate and Kohima, Nagaland","NH 39 at Kigwema(?), between Mao Gate and Kohima, Nagaland",10km,downpour,medium,landslide,0,India,Nāgāland,e-pao,http://www.e-pao.net/GP.asp?src=21..210810.aug10,25.5718,94.1211
2312,08/23/2010 07:00:00 AM,"the lateral highway, Dzong viewpoint, Trongsa","the lateral highway, Dzong viewpoint, Trongsa",5km,downpour,medium,landslide,0,Bhutan,Tongsa,kuenselonline,http://www.kuenselonline.com/modules.php?name=News&file=article&sid=16502,27.5,90.5034
2343,08/27/2010 04:30:00 PM,"NH-39 at Ekai village(?), 2 km for Tadubi, Manipur","NH-39 at Ekai village(?), 2 km for Tadubi, Manipur",5km,downpour,medium,landslide,0,India,Nāgāland,e-pao,http://www.e-pao.net/GP.asp?src=27..280810.aug10,25.4786,94.1327
2344,08/27/2010 04:30:00 PM,"NH-53 at Nungba police station, Kambirong(?), Manipur","NH-53 at Nungba police station, Kambirong(?), Manipur",5km,downpour,medium,landslide,0,India,Assam,e-pao,http://www.e-pao.net/GP.asp?src=27..280810.aug10,24.7505,93.4221
2405,09/09/2010 11:00:00 PM,"Mossing(Mosing) village(?), Upper Siang district, Arunachal Pradesh","Mossing(Mosing) village(?), Upper Siang district, Arunachal Pradesh",unknown,downpour,medium,landslide,10,India,Arunāchal Pradesh,timesofindia.indiatimes,http://timesofindia.indiatimes.com/india/13-killed-as-rains-wrack-havoc-in-north-and-eastern-India-/articleshow/6532367.cms,28.3036,95.4112
2411,09/10/2010 12:00:00 AM,"districts Lakhimpur, Dhemaji, Golaghat, and Sonitpur, Assam province","districts Lakhimpur, Dhemaji, Golaghat, and Sonitpur, Assam province",unknown,downpour,medium,landslide,0,India,Arunāchal Pradesh,timesofindia.indiatimes,http://timesofindia.indiatimes.com/india/13-killed-as-rains-wrack-havoc-in-north-and-eastern-India-/articleshow/6532367.cms,27.0011,93.7273
2415,09/12/2010 12:00:00 AM,power lines 5 km from Kohima,power lines 5 km from Kohima,25km,downpour,medium,landslide,,India,Nāgāland,Telegraph,http://www.telegraphindia.com/1100916/jsp/northeast/story_12941830.jsp,25.63961883,94.11112157
2420,09/13/2010 12:00:00 AM,"Tuikual 'C', Aizawl, Mizoram","Tuikual 'C', Aizawl, Mizoram",1km,downpour,medium,landslide,1,India,Mizoram,Mizoram Express,http://mizoramexpress.com/index.php/2010/09/mizoram-landslides-kill-one-woman/,23.72988966,92.71495623
2421,09/13/2010 09:00:00 AM,"road to Muanna Godown, Zuangtui, Mizoram","road to Muanna Godown, Zuangtui, Mizoram",1km,downpour,medium,landslide,,India,Mizoram,Mizoram Express,http://mizoramexpress.com/index.php/2010/09/mizoram-landslides-kill-one-woman/,23.75406693,92.74128531
2422,09/13/2010 12:00:00 AM,"Hunthar Veng, Mizoram","Hunthar Veng, Mizoram",1km,downpour,medium,landslide,,India,Mizoram,Mizoram Express,http://mizoramexpress.com/index.php/2010/09/mizoram-landslides-kill-one-woman/,23.74182634,92.7141905
2423,09/13/2010 12:00:00 AM,"road to Kanan Veng from Hunthar Veng, Mizoram","road to Kanan Veng from Hunthar Veng, Mizoram",1km,downpour,medium,landslide,,India,Mizoram,Mizoram Express,http://mizoramexpress.com/index.php/2010/09/mizoram-landslides-kill-one-woman/,23.73504471,92.71060943
2424,09/13/2010 12:00:00 AM,"near Tuivawl(?), Aizawl-Champhai rd, Aizawl district, Mizoram","near Tuivawl(?), Aizawl-Champhai rd, Aizawl district, Mizoram",25km,downpour,medium,landslide,0,India,Mizoram,Mizoram Express,http://mizoramexpress.com/index.php/2010/09/mizoram-landslides-kill-one-woman/,23.591,92.9296
2436,09/16/2010 03:00:00 AM,"Taithu village, Churanchandpur district, Mizoram, Manipur","Taithu village, Churanchandpur district, Mizoram, Manipur",5km,downpour,medium,landslide,0,India,Mizoram,mizoramexpress.com,http://mizoramexpress.com/index.php/2010/09/landslide-hits-taithu-village-22-people-escape-death/,24.3069,93.125
2437,09/16/2010 12:00:00 AM,"Aizawl-Lengpui rd 3km from Aizawl, Mizoram, Manipur","Aizawl-Lengpui rd 3km from Aizawl, Mizoram, Manipur",5km,downpour,medium,landslide,0,India,Mizoram,mizoramexpress.com,http://mizoramexpress.com/index.php/2010/09/landslide-hits-aizawl-1-house-destroyed/,23.7527,92.694
2539,10/03/2010 12:00:00 AM,"Mosing village, Upper Siang district, Arunachal Pradesh","Mosing village, Upper Siang district, Arunachal Pradesh",25km,downpour,medium,landslide,10,India,Arunāchal Pradesh,gsi.gov,"http://www.portal.gsi.gov.in/portal/page?_pageid=127,875814&_dad=portal&_schema=PORTAL",28.3092,95.4149
2554,10/06/2010 10:00:00 PM,"railroad between Bonchaung and Namhkam stations, Mandalay-Myitkyina railroad","railroad between Bonchaung and Namhkam stations, Mandalay-Myitkyina railroad",unknown,downpour,medium,landslide,0,Myanmar [Burma],Kachin,reliefweb,http://www.reliefweb.int/rw/rwb.nsf/db900sid/MUMA-8A35WJ?OpenDocument,23.9723,96.8566
2566,10/08/2010 12:00:00 AM,"Sahong, Tabu and Pani village under Tadubi police station of Senapati district, NH-39","Sahong, Tabu and Pani village under Tadubi police station of Senapati district, NH-39",5km,downpour,medium,mudslide,0,India,Nāgāland,e-pao.net,http://e-pao.net/GP.asp?src=23..111010.oct10,25.4769,94.1351
2567,10/08/2010 12:00:00 AM,"Phek, Manipur","Phek, Manipur",5km,downpour,medium,complex,0,India,Manipur,morungexpress,http://www.morungexpress.com/local/56264.html,25.6633,94.4703
2568,10/08/2010 12:00:00 AM,"Nungba, Tamenglong, Manipur","Nungba, Tamenglong, Manipur",25km,downpour,medium,landslide,0,India,Assam,assamtribune,http://www.assamtribune.com/scripts/detailsnew.asp?id=oct1110/oth05,24.7679,93.4108
2569,10/08/2010 12:00:00 AM,"Bungte Chiru village(?), Senapati district, Manipur","Bungte Chiru village(?), Senapati district, Manipur",5km,downpour,medium,landslide,0,India,Nāgāland,e-pao.net,http://e-pao.net/GP.asp?src=6..111010.oct10,25.2745,94.0212
2570,10/08/2010 12:00:00 AM,"Tharon(?) and Langol Tarung villages, Thangmeiband constituency, Imphal, Manipur","Tharon(?) and Langol Tarung villages, Thangmeiband constituency, Imphal, Manipur",5km,downpour,medium,landslide,0,India,Manipur,e-pao.net,http://e-pao.net/GP.asp?src=6..111010.oct10,24.837,93.9128
2573,10/09/2010 12:00:00 AM,"Haflong, Assam","Haflong, Assam",5km,downpour,medium,mudslide,1,India,Assam,dnaindia,http://www.dnaindia.com/india/report_one-dead-road-and-rail-communication-disrupted-due-to-rains-in-assam_1450237,25.1796,93.0083
2574,10/09/2010 12:00:00 AM,"between Mahur and Maigrandisa(?) or Lumding, Assam","between Mahur and Maigrandisa(?) or Lumding, Assam",50km,downpour,medium,landslide,0,India,Assam,dnaindia,http://www.dnaindia.com/india/report_one-dead-road-and-rail-communication-disrupted-due-to-rains-in-assam_1450237,25.4749,93.1477
2575,10/09/2010 12:00:00 AM,"road between Haflong and Lanka, Assam","road between Haflong and Lanka, Assam",50km,downpour,medium,landslide,0,India,Assam,dnaindia,http://www.dnaindia.com/india/report_one-dead-road-and-rail-communication-disrupted-due-to-rains-in-assam_1450237,25.5242,92.9914
2576,10/09/2010 12:00:00 AM,"NH-39 at Tobio village(?), 7 km form Tadubi, Manipur","NH-39 at Tobio village(?), 7 km form Tadubi, Manipur",10km,downpour,medium,landslide,0,India,Nāgāland,e-pao,http://www.e-pao.net/GP.asp?src=5..101010.oct10,25.4788,94.1399
2577,10/09/2010 12:00:00 AM,"NH-39 near Khongnem(?) village, between Imphal and Dimapur, Manipur","NH-39 near Khongnem(?) village, between Imphal and Dimapur, Manipur",50km,downpour,medium,landslide,0,India,Nāgāland,e-pao,http://www.e-pao.net/GP.asp?src=5..101010.oct10,25.5265,93.8673
2578,10/09/2010 12:00:00 AM,"NH-39 in Karong area, Manipur","NH-39 in Karong area, Manipur",5km,downpour,medium,landslide,0,India,Nāgāland,e-pao,http://www.e-pao.net/GP.asp?src=5..101010.oct10,25.3179,94.0462
2579,10/09/2010 12:00:00 AM,"Lower Pezielietsie(Tinpati), Kohima, Manipur","Lower Pezielietsie(Tinpati), Kohima, Manipur",1km,downpour,medium,landslide,0,India,Nāgāland,indianexpress,http://www.indianexpress.com/news/Landslides-cut-off-N-E/695456,25.682,94.1076
2587,10/10/2010 06:00:00 AM,"Lower Chandmari area, PWD department, Kohima, Manipur","Lower Chandmari area, PWD department, Kohima, Manipur",1km,downpour,medium,landslide,0,India,Nāgāland,morungexpress,http://www.morungexpress.com/local/56264.html,25.6623,94.1072
2743,11/22/2010 12:00:00 AM,"Tawang Monastery, Arunachal Pradesh","Tawang Monastery, Arunachal Pradesh",1km,unknown,medium,landslide,,India,Arunāchal Pradesh,Daily News and Analysis,http://www.dnaindia.com/india/report_tawang-monastery-faces-danger-due-to-landslides_1472890,27.5798729,91.85672387
3269,03/22/2011 12:00:00 AM,"road from other districts to Hawai(Tawai?) which is  on Lojit river, near Hayuliang,  Anjaw district, Arunachal Pradesh","road from other districts to Hawai(Tawai?) which is  on Lojit river, near Hayuliang,  Anjaw district, Arunachal Pradesh",10km,downpour,medium,landslide,0,India,Arunāchal Pradesh,articles.timesofindia,http://articles.timesofindia.indiatimes.com/2011-03-23/guwahati/29178165_1_road-links-rainfall-source,28.0791,96.5242
3525,05/22/2011 12:00:00 AM,"Kaiphundai(?)-Tousem(in Assam) road, Tamenglong district, Manipur","Kaiphundai(?)-Tousem(in Assam) road, Tamenglong district, Manipur",25km,downpour,medium,landslide,0,India,Assam,e-pao,http://www.e-pao.net/GP.asp?src=15..240511.may11,25.0672,93.4093
3532,05/24/2011 12:00:00 AM,"Silchar-Haflong rd., at Reko(Rekha )(?), near Harangajao, Barail Hills, Assam","Silchar-Haflong rd., at Reko(Rekha )(?), near Harangajao, Barail Hills, Assam",10km,downpour,medium,complex,0,India,Assam,articles.timesofindia,http://articles.timesofindia.indiatimes.com/2011-05-27/guwahati/29591193_1_dima-hasao-landslide-traffic-movement,25.0888,92.8551
3556,05/31/2011 02:00:00 PM,"Roads between Tamei(Tamma?), Kangpokpi and Chalwa, Manipur","Roads between Tamei(Tamma?), Kangpokpi and Chalwa, Manipur",25km,continuous_rain,small,landslide,0,India,Manipur,e-pao.net,http://e-pao.net/GP.asp?src=7..020611.jun11,25.1555,93.8474
3560,05/31/2011 02:30:00 PM,"Gaoilung(Gadailong) village(?), Ward 4(?), Tamenglong, Manipur","Gaoilung(Gadailong) village(?), Ward 4(?), Tamenglong, Manipur",50km,downpour,medium,landslide,2,India,Manipur,kanglaonline.com,http://kanglaonline.com/2011/06/two-children-claimed-by-landslide-at-tamenglong/,24.8286,93.5935
3633,06/20/2011 12:00:00 AM,Mokokchung,Mokokchung,5km,downpour,medium,landslide,0,India,Nāgāland,morungexpress,http://www.morungexpress.com/local/67219.html,26.3186,94.5121
3637,06/21/2011 12:00:00 AM,"Lasumi village in Phek district, Kohima","Lasumi village in Phek district, Kohima",1km,rain,medium,landslide,,India,Nāgāland,Morung Express,https://web.archive.org/web/20110627132314/http://www.morungexpress.com/regional/67365.html,25.51614662,94.2341227
3662,06/28/2011 12:00:00 AM,"Ikou-Gangpijang road, near: Ikou, Saikul, and Gangpijang; Imphal India","Ikou-Gangpijang road, near: Ikou, Saikul, and Gangpijang; Imphal India",25km,rain,medium,landslide,,India,Manipur,E-PAO,http://e-pao.net/GP.asp?src=7..290611.jun11,25.03561729,94.0144205
3663,06/28/2011 12:00:00 AM,"Ruzapfu valley, Kikruma Village, Phek District, Nagaland","Ruzapfu valley, Kikruma Village, Phek District, Nagaland",50km,downpour,medium,landslide,0,India,Nāgāland,morungexpress,http://www.morungexpress.com/local/67492.html,25.6682,94.1099
3672,06/29/2011 12:00:00 AM,"Portions of NH 39, Connectin Manipur with Assam via Nagaland","Portions of NH 39, Connectin Manipur with Assam via Nagaland",unknown,downpour,medium,landslide,0,India,Assam,articles.timesofindia,http://articles.timesofindia.indiatimes.com/2011-06-30/guwahati/29720982_1_heavy-rains-highway,25.5125,93.3613
3683,07/01/2011 12:00:00 AM,NH-61 between Botsa and Chiechama,NH-61 between Botsa and Chiechama,10km,downpour,medium,landslide,0,India,Nāgāland,morungexpress,http://www.morungexpress.com/local/69559.html,25.8782,94.1739
3738,07/06/2011 12:00:00 AM,"National Highway 53, Sinam Khul (near Kotlen; ~25 km from Imphal)","National Highway 53, Sinam Khul (near Kotlen; ~25 km from Imphal)",50km,downpour,medium,landslide,6,India,Manipur,e-pao.net,http://e-pao.net/GP.asp?src=16..070711.jul11,24.8063,93.9482
3741,07/07/2011 12:00:00 AM,Maram (80 km north of Imphal),Maram (80 km north of Imphal),5km,rain,medium,landslide,0,India,Nāgāland,e-pao,http://www.e-pao.net/GP.asp?src=8..080711.jul11,25.4191,94.1079
3760,07/11/2011 09:00:00 AM,"NH-61, 1 km before reaching Botsa","NH-61, 1 km before reaching Botsa",25km,downpour,medium,landslide,0,India,Nāgāland,morungexpress,http://www.morungexpress.com/local/68036.html,25.6703,94.1095
3776,07/15/2011 06:00:00 PM,Itanagar/Naharlagur/Nirjuli,Itanagar/Naharlagur/Nirjuli,5km,downpour,small,landslide,0,India,Arunāchal Pradesh,ibnlive.in,http://ibnlive.in.com/generalnewsfeed/news/flash-floods-landslides-in-arunachal-pradesh/757817.html,27.125,93.7145
3789,07/16/2011 12:00:00 AM,Mebua (8 km from Seppa),Mebua (8 km from Seppa),10km,downpour,medium,landslide,0,India,Arunāchal Pradesh,english.samaylive,http://english.samaylive.com/regional-news/others-news/676490549/flash-floods-in-arunachal-pradesh.html,27.2743,92.9064
3804,07/19/2011 12:00:00 AM,"southeastern, DHAKA, Bangladesh","southeastern, DHAKA, Bangladesh",50km,downpour,large,landslide,4,Bangladesh,Dhaka,google,http://www.google.com/hostednews/afp/article/ALeqM5i3_WUJVJikNHFLjBu4U01jZan7zA?docId=CNG.987be94c4c3ccdfdf0d86cb5108c3d3b.3e1,23.7118,90.4077
3806,07/19/2011 12:00:00 AM,"Itanagar (one near Pachali power house, one near Heema Hospital, and one nearRomik Colony at P Sector)","Itanagar (one near Pachali power house, one near Heema Hospital, and one nearRomik Colony at P Sector)",10km,downpour,medium,landslide,3,India,Arunāchal Pradesh,ibnlive.in,http://ibnlive.in.com/generalnewsfeed/news/three-killed-in-landslides/758753.html,27.1032,93.6884
3816,07/21/2011 11:00:00 PM,"Bagochen near, Trongsa near, Bumthang, Bhutan","Bagochen near, Trongsa near, Bumthang, Bhutan",25km,downpour,medium,landslide,1,Bhutan,Tongsa,kuenselonline,http://www.kuenselonline.com/2010/modules.php?name=News&file=article&sid=20186,27.5003,90.5081
3830,07/22/2011 12:00:00 AM,Manipur,Manipur,10km,downpour,small,landslide,0,India,Manipur,e-pao.net,http://e-pao.net/GP.asp?src=6..270711.jul11,24.3527,94.3429
3831,07/22/2011 12:00:00 AM,Heibok Hills,Heibok Hills,unknown,downpour,medium,landslide,0,India,Manipur,e-pao.net,http://e-pao.net/GP.asp?src=4..230711.jul11,24.7992,93.948
3837,07/24/2011 12:30:00 PM,NH 37,NH 37,50km,downpour,medium,landslide,0,India,Assam,e-pao.net,http://e-pao.net/GP.asp?src=17..250711.jul11,26.5836,93.0038
3840,07/25/2011 12:00:00 AM,Manipur,Manipur,50km,downpour,medium,landslide,0,India,Manipur,assamtribune,http://www.assamtribune.com/scripts/detailsnew.asp?id=jul3011/oth05,24.6869,93.9157
3860,07/29/2011 12:00:00 AM,"Maram, Manipur","Maram, Manipur",10km,rain,medium,landslide,0,India,Nāgāland,kanglaonline.com,http://kanglaonline.com/2011/07/works-minister-visits-landslide-hit-maram-stretch-of-nh2/,25.4192,94.108
3881,08/05/2011 12:00:00 AM,Itanagar,Itanagar,5km,downpour,medium,landslide,0,India,Arunāchal Pradesh,articles.timesofindia,http://articles.timesofindia.indiatimes.com/2011-08-06/guwahati/29861700_1_water-supply-drinking-water-landslides,27.1034,93.6885
3912,08/12/2011 12:00:00 AM,East Kameng district in Arunachal Pradesh bordering China,East Kameng district in Arunachal Pradesh bordering China,50km,rain,medium,landslide,0,India,Arunāchal Pradesh,inewsone,http://www.inewsone.com/2011/08/12/iaf-airdrops-food-to-marooned-in-arunachal/68478,27.44,92.2833
3916,08/13/2011 08:00:00 AM,"Chumukedima, Dimapur","Chumukedima, Dimapur",10km,downpour,medium,mudslide,0,India,Assam,morungexpress,http://www.morungexpress.com/frontpage/69382.html,25.7713,93.8067
3925,08/15/2011 12:00:00 AM,"East Kameng, Arunachal Pradesh","East Kameng, Arunachal Pradesh",50km,downpour,medium,landslide,0,India,Arunāchal Pradesh,indianexpress,http://www.indianexpress.com/news/landslides-cut-off-arunachal-districts-iaf-to-the-rescue/833599/,27.4888,93.0153
3927,08/16/2011 08:00:00 AM,"Garo Hills, Tura","Garo Hills, Tura",unknown,downpour,medium,landslide,6,India,Meghālaya,theshillongtimes.com,http://theshillongtimes.com/2011/08/17/landslides-claim-six/,25.5144,90.2167
3932,08/18/2011 12:00:00 AM, Botsa  and Chiechama, Botsa  and Chiechama,exact,monsoon,medium,landslide,0,India,Nāgāland,thenewsofindia,,25.83,94.13
3965,09/06/2011 08:00:00 AM,NH 37 at Awang Khul ,NH 37 at Awang Khul ,1km,rain,medium,landslide,3,India,Assam,e-pao.net,http://e-pao.net/GP.asp?src=Snipp8..080911.sep11,24.808,93.117
3983,09/23/2011 12:00:00 AM,"Maighuli, Guwahati, Meghalaya","Maighuli, Guwahati, Meghalaya",unknown,downpour,large,landslide,4,India,Assam,nbtvlive,,26.1548,91.7351
4241,03/04/2012 12:00:00 AM,Tamei constituency in Tamenlong district,Tamei constituency in Tamenlong district,25km,unknown,medium,landslide,0,India,Manipur,articles.timesofindia,http://articles.timesofindia.indiatimes.com/2012-03-04/guwahati/31120923_1_booths-repoll-polling-stations,25.1604,93.6795
4309,04/06/2012 11:00:00 PM,"Thumangdrak, 18 km from Trongsa","Thumangdrak, 18 km from Trongsa",25km,unknown,medium,complex,0,Bhutan,Shemgang,kuenselonline,http://www.kuenselonline.com/2011/?p=29724,27.256,90.5257
4313,04/08/2012 12:00:00 AM,"Endulin Nallah, Mayodia, 17-camp, 83-camp","Endulin Nallah, Mayodia, 17-camp, 83-camp",50km,downpour,medium,landslide,0,India,Arunāchal Pradesh,timesofindia.indiatimes,http://timesofindia.indiatimes.com/Landslides-snap-road-links-in-Dibang-Valley/articleshow/12601499.cms,28.4659,95.86
4347,05/03/2012 12:00:00 AM,"National Rd 318, Lhasa, Tibet","National Rd 318, Lhasa, Tibet",25km,downpour,large,landslide,,China,Tibet Autonomous Region,europe.chinadaily,http://europe.chinadaily.com.cn/china/2012-05/03/content_15200008.htm,29.4903,90.9352
4377,06/02/2012 12:00:00 AM,"Guwahati, Assam","Guwahati, Assam",5km,downpour,large,landslide,,India,Assam,ibnlive.in,http://ibnlive.in.com/generalnewsfeed/news/barrak-valley-cut-off-due-to-heavy-landslides/1007155.html,26.1475,91.7356
4378,06/02/2012 12:00:00 AM,"Arunachal Pradesh, Dibang,","Arunachal Pradesh, Dibang,",50km,downpour,medium,landslide,,India,Arunachal Pradesh,isikkim.com,http://isikkim.com/2012-06-landslides-disrupt-surface-communication-in-arunachal-pradesh-05-9/,28.8254,96.1517
4382,06/03/2012 12:00:00 AM," between Harangajao and Mailongdisa, Assa,"," between Harangajao and Mailongdisa, Assa,",5km,downpour,medium,landslide,,India,Assam,articles.timesofindia,http://articles.timesofindia.indiatimes.com/2012-06-04/guwahati/32030359_1_barail-hill-harangajao-landslides,25.1175,92.8573
4383,06/03/2012 12:00:00 AM,"between Maibang and Daotohaja, Assam","between Maibang and Daotohaja, Assam",5km,downpour,medium,landslide,,India,Assam,articles.timesofindia,http://articles.timesofindia.indiatimes.com/2012-06-04/guwahati/32030359_1_barail-hill-harangajao-landslides,25.3056,93.1265
4384,06/03/2012 12:00:00 AM,"between Haflong and  Bagetar, Assam","between Haflong and  Bagetar, Assam",5km,downpour,medium,landslide,,India,Assam,articles.timesofindia,http://articles.timesofindia.indiatimes.com/2012-06-04/guwahati/32030359_1_barail-hill-harangajao-landslides,25.1775,93.0123
4392,06/06/2012 12:00:00 AM,"Dibang, Arunachal Pradesh","Dibang, Arunachal Pradesh",10km,downpour,medium,landslide,,China,Tibet Autonomous Region,allafrica.com,http://allafrica.com/stories/201206051178.html,29.2409,95.9761
4403,06/10/2012 12:00:00 AM,"Imphal-Jiribam section of NH-37 , Manipur","Imphal-Jiribam section of NH-37 , Manipur",50km,downpour,very_large,landslide,,India,Manipur,thehindu,http://www.thehindu.com/news/national/article3537166.ece,24.8142,93.5444
4407,06/13/2012 12:00:00 AM,"NH44, Malidhor area,  Baleswar","NH44, Malidhor area,  Baleswar",50km,downpour,medium,landslide,,India,Assam,zeenews.india,http://zeenews.india.com/news/assam/road-between-silchar-guwahati-disrupted_781633.html,25.0951,92.3567
4408,06/13/2012 12:00:00 AM,"NH44, Kuliang","NH44, Kuliang",unknown,downpour,medium,landslide,,India,Meghālaya,zeenews.india,http://zeenews.india.com/news/assam/road-between-silchar-guwahati-disrupted_781633.html,25.5498,92.0757
4424,06/20/2012 12:00:00 AM,"Lalunggaon, Guwahati,  Assam","Lalunggaon, Guwahati,  Assam",1km,downpour,medium,landslide,,India,Assam,twocircles.net,http://twocircles.net/2012jun22/landslide_kills_three_assam.html,26.149,91.7351
4426,06/22/2012 12:00:00 AM,Lalunggaon near Gorchuk area,Lalunggaon near Gorchuk area,5km,downpour,medium,landslide,3,India,Assam,thesop.org,http://thesop.org/story/20120701/woman-killed-in-guwahati-by-landslide.html,26.1226,91.7162
4434,06/25/2012 06:00:00 PM,"Sonaighuli area near Kahilipara, Guwahati City, Assam","Sonaighuli area near Kahilipara, Guwahati City, Assam",1km,downpour,large,landslide,1,India,Assam,thesop.org,http://thesop.org/story/20120701/woman-killed-in-guwahati-by-landslide.html,26.1049,91.7369
4435,06/25/2012 12:00:00 AM,"Tirap , Arunachal Pradesh","Tirap , Arunachal Pradesh",10km,downpour,large,landslide,,India,Arunāchal Pradesh,articles.timesofindia,http://articles.timesofindia.indiatimes.com/2012-07-04/guwahati/32536229_1_massive-landslides-landslide-hit-road-blockade,27.174,95.8011
4436,06/25/2012 12:00:00 AM,"Khonsa, Arunachal Pradesh","Khonsa, Arunachal Pradesh",50km,downpour,medium,landslide,,India,Arunāchal Pradesh,articles.timesofindia,http://articles.timesofindia.indiatimes.com/2012-07-04/guwahati/32536229_1_massive-landslides-landslide-hit-road-blockade,26.9986,95.4993
4446,07/05/2012 12:00:00 AM,"Tuting, Upper Siang , Arunachal Pradesh","Tuting, Upper Siang , Arunachal Pradesh",5km,downpour,large,landslide,,India,Arunachal Pradesh,articles.timesofindia,http://articles.timesofindia.indiatimes.com/2012-07-07/guwahati/32577108_1_arunachal-district-landslides-arunachal-pradesh,28.9986,94.8885
4549,09/14/2012 12:00:00 AM,"Lamperi, Punakha,","Lamperi, Punakha,",5km,downpour,medium,landslide,,Bhutan,Thimphu,congoo,http://www.congoo.com/news/2012September14/Mudslide-crushes-land-cruiser,27.5205,89.7466
4554,09/15/2012 12:00:00 AM,"Thimphu-Phuentsholing Highway, between Taktikoti and Wangkha, Phuentsholing,  Chukha , Bhutan","Thimphu-Phuentsholing Highway, between Taktikoti and Wangkha, Phuentsholing,  Chukha , Bhutan",50km,downpour,large,landslide,,Bhutan,Chhukha,nibiru-planetx,http://www.nibiru-planetx.com/portal/klizista-i-pukotine/bhutan-55-landslides-10-roadblocks-and-counting/,26.8597,89.3903
4570,09/19/2012 12:00:00 AM, Arunachal Pradesh , Arunachal Pradesh ,1km,downpour,medium,landslide,,India,Arunāchal Pradesh,articles.timesofindia,http://articles.timesofindia.indiatimes.com/2012-09-19/guwahati/33951873_1_landslides-road-communication-water-tank,27.8458,95.2253
4610,11/11/2012 12:00:00 AM,"Dapchhuah, Mamit, Mizoram","Dapchhuah, Mamit, Mizoram",5km,downpour,medium,landslide,4,India,Mizoram,assamtribune,http://www.assamtribune.com/scripts/detailsnew.asp?id=oct1312/oth06,23.7705,92.5217
4757,02/18/2013 12:00:00 AM,"East Siang, Arunachal Pradesh","East Siang, Arunachal Pradesh",5km,rain,medium,landslide,3,India,Arunāchal Pradesh,articles.timesofindia.indiatimes.com,http://articles.timesofindia.indiatimes.com/2013-02-20/guwahati/37199432_1_fire-mishap-east-siang-massive-landslide,28.1193,95.1645
4798,04/07/2013 12:00:00 AM,"Dibang Valley, Arunachal Pradesh","Dibang Valley, Arunachal Pradesh",unknown,rain,medium,landslide,,India,Arunachal Pradesh,www.ndtv.com,http://www.ndtv.com/article/cities/landslide-triggered-by-heavy-rains-in-arunachal-pradesh-351219,28.8254,96.1509
4845,05/07/2013 12:00:00 AM,"Kolasib, Saiha, Mizoram,","Kolasib, Saiha, Mizoram,",50km,rain,medium,mudslide,,India,Mizoram,www.thehindu.com,http://www.thehindu.com/news/national/other-states/landslides-after-heavy-premonsoon-rain-in-mizoram/article4695784.ece,24.2315,92.6755
4848,05/08/2013 12:00:00 AM,"Purba Simna, Tripura","Purba Simna, Tripura",5km,rain,medium,landslide,1,India,Tripura,www.upi.com,http://www.upi.com/Top_News/World-News/2013/05/09/Cyclonic-storms-kill-seven-in-India/UPI-39151368107292/,24.0896,91.4663
4857,05/11/2013 09:00:00 AM,"Laipuitland , Aizawl, Mizoram","Laipuitland , Aizawl, Mizoram",25km,rain,large,landslide,15,India,Mizoram,articles.timesofindia.indiatimes.com,http://articles.timesofindia.indiatimes.com/2013-05-12/guwahati/39203177_1_young-mizo-association-aizawl-rescue-work,23.7281,92.7175
4858,05/11/2013 09:00:00 AM,"Nursery, North Guwahati, Guwahati, Assam,","Nursery, North Guwahati, Guwahati, Assam,",50km,rain,medium,landslide,,India,Assam,articles.timesofindia.indiatimes.com,http://articles.timesofindia.indiatimes.com/2013-05-12/guwahati/39203561_1_artificial-floods-guwahati-municipal-corporation-gs-road,26.1662,91.7138
4859,05/11/2013 12:00:00 AM,"Sarania Hills, North Guwahati, Guwahati, Assam,","Sarania Hills, North Guwahati, Guwahati, Assam,",5km,rain,medium,landslide,,India,Assam,articles.timesofindia.indiatimes.com,http://articles.timesofindia.indiatimes.com/2013-05-12/guwahati/39203561_1_artificial-floods-guwahati-municipal-corporation-gs-road,26.1771,91.7599
4860,05/11/2013 12:00:00 AM,"Boragaon, North Guwahati, Guwahati, Assam,","Boragaon, North Guwahati, Guwahati, Assam,",5km,rain,medium,landslide,,India,Assam,articles.timesofindia.indiatimes.com,http://articles.timesofindia.indiatimes.com/2013-05-12/guwahati/39203561_1_artificial-floods-guwahati-municipal-corporation-gs-road,26.1016,91.6906
4861,05/12/2013 12:00:00 AM,"Khongsang, Tamenglong, Manipur,","Khongsang, Tamenglong, Manipur,",25km,rain,medium,mudslide,,India,Assam,www.e-pao.net,http://www.e-pao.net/GP.asp?src=23..130513.may13,24.9926,93.4946
4892,06/01/2013 12:00:00 AM,Upper Subansiri,Upper Subansiri,50km,downpour,large,landslide,,India,Arunāchal Pradesh,articles.timesofindia.indiatimes.com,http://articles.timesofindia.indiatimes.com/2013-07-28/guwahati/40848148_1_daporijo-upper-subansiri-landslides,27.8776,94.25
4905,06/07/2013 12:00:00 AM,"Kuthur – Huker Road Via Y Anner, Chessore, Nagaland","Kuthur – Huker Road Via Y Anner, Chessore, Nagaland",25km,unknown,medium,landslide,,India,Nāgāland,www.nagalandpost.com,http://www.nagalandpost.com/channelnews/state/StateNews.aspx?news=TkVXUzEwMDA0NjAwNw%3D%3D-%2FtfIAOw1uMk%3D,26.0977,94.7031
4906,06/07/2013 12:00:00 AM,"Helipong-Chessore Road, Nagaland","Helipong-Chessore Road, Nagaland",10km,unknown,medium,landslide,,India,Nāgāland,www.nagalandpost.com,http://www.nagalandpost.com/channelnews/state/StateNews.aspx?news=TkVXUzEwMDA0NjAwNw%3D%3D-%2FtfIAOw1uMk%3D,26.0977,94.7499
5005,07/01/2013 12:00:00 AM,"Walo Ward, Mon Town, Wokha District, Nagaland","Walo Ward, Mon Town, Wokha District, Nagaland",5km,downpour,medium,landslide,0,India,Nāgāland,www.nagalandpost.com,http://www.nagalandpost.com/ChannelNews/State/StateNews.aspx?news=TkVXUzEwMDA0MDQ4MQ%3D%3D-gEvw8J4DIOI%3D,26.72,95.029
5006,07/01/2013 12:00:00 AM,"Thillong Village, Doyang Along State Highway 1, Wokha To Merapani Road","Thillong Village, Doyang Along State Highway 1, Wokha To Merapani Road",1km,downpour,medium,landslide,0,India,Nāgāland,www.nagalandpost.com,http://www.nagalandpost.com/ChannelNews/State/StateNews.aspx?news=TkVXUzEwMDA0MDQ4MQ%3D%3D-gEvw8J4DIOI%3D,26.1147,94.3864
5084,07/12/2013 11:00:00 PM,"National Highway 2 Near Phesama Village Close To Kisama Naha Heritage Site, Kohima District, Nagaland","National Highway 2 Near Phesama Village Close To Kisama Naha Heritage Site, Kohima District, Nagaland",10km,downpour,medium,landslide,0,India,Nāgāland,www.assamtribune.com,http://www.assamtribune.com/scripts/detailsnew.asp?id=jul1613/oth06,25.616,94.1167
5087,07/12/2013 12:00:00 AM,"National Highway 29 Near Phesama Village, Nagaland","National Highway 29 Near Phesama Village, Nagaland",10km,downpour,medium,landslide,0,India,Nāgāland,www.thehindubusinessline.com,http://www.thehindubusinessline.com/news/states/landslides-disrupt-vehicular-movement-on-nh29/article4912110.ece,25.6269,94.1139
5107,07/15/2013 12:00:00 AM,"National Highway 29 Near Phesama Village, Nagaland","National Highway 29 Near Phesama Village, Nagaland",10km,rain,medium,landslide,0,India,Nāgāland,articles.timesofindia.indiatimes.com,http://articles.timesofindia.indiatimes.com/2013-07-15/guwahati/40589516_1_southern-angami-youth-organization-jessami-tadubi,25.6269,94.1139
5122,07/17/2013 12:00:00 AM,"National Highway 29 Between Patkai Bridge And Kukidolong, Nagaland","National Highway 29 Between Patkai Bridge And Kukidolong, Nagaland",50km,rain,medium,mudslide,0,India,Nāgāland,The Hindu,http://www.thehindu.com/news/national/other-states/fresh-mudslides-affect-traffic-in-nagalandmanipur/article4928261.ece,25.7658,93.9413
5123,07/17/2013 12:00:00 AM,"National Highway 2 Near Meriema Village, 10 Km Away From Kohima","National Highway 2 Near Meriema Village, 10 Km Away From Kohima",50km,rain,medium,mudslide,0,India,Nāgāland,The Hindu,http://www.thehindu.com/news/national/other-states/fresh-mudslides-affect-traffic-in-nagalandmanipur/article4928261.ece,25.7131,94.0885
5250,08/01/2013 12:00:00 AM,"Polo River At Polosang, Arunachal Pradesh","Polo River At Polosang, Arunachal Pradesh",10km,rain,medium,mudslide,,India,Arunachal Pradesh,www.thehindubusinessline.com,http://www.thehindubusinessline.com/news/states/landslide-blocks-polo-river-in-arunachal-pradesh/article4996075.ece,27.8837,93.0515
5268,08/04/2013 12:00:00 AM,"Zunheboto, Nagaland","Zunheboto, Nagaland",25km,continuous_rain,medium,landslide,,India,Nāgāland,www.morungexpress.com,http://www.morungexpress.com/local/101605.html,26.0137,94.5163
5269,08/04/2013 12:00:00 AM,"Tizu, Nagaland","Tizu, Nagaland",unknown,continuous_rain,medium,landslide,,India,Nāgāland,www.nagalandpost.com,http://www.nagalandpost.com/ChannelNews/State/StateNews.aspx?news=TkVXUzEwMDA0MjY4Nw%3D%3D-bSp8jh3okxw%3D,25.8376,94.5234
5270,08/04/2013 12:00:00 AM,"Phizo, Nagaland","Phizo, Nagaland",unknown,continuous_rain,medium,landslide,,India,Nāgāland,www.nagalandpost.com,http://www.nagalandpost.com/ChannelNews/State/StateNews.aspx?news=TkVXUzEwMDA0MjY4Nw%3D%3D-bSp8jh3okxw%3D,26.0481,94.4619
5271,08/04/2013 12:00:00 AM,"Nanga, Nagaland","Nanga, Nagaland",5km,continuous_rain,medium,landslide,,India,Nāgāland,www.nagalandpost.com,http://www.nagalandpost.com/ChannelNews/State/StateNews.aspx?news=TkVXUzEwMDA0MjY4Nw%3D%3D-bSp8jh3okxw%3D,26.284,94.5808
5272,08/04/2013 12:00:00 AM,"Longsa, Nagaland","Longsa, Nagaland",1km,monsoon,medium,landslide,,India,Nāgāland,www.nagalandpost.com,http://www.nagalandpost.com/ChannelNews/State/StateNews.aspx?news=TkVXUzEwMDA0MjY4Nw%3D%3D-bSp8jh3okxw%3D,26.2083,94.5438
5273,08/04/2013 12:00:00 AM,"Zhekuto, Nagaland","Zhekuto, Nagaland",5km,monsoon,medium,landslide,,India,Nāgāland,www.nagalandpost.com,http://www.nagalandpost.com/ChannelNews/State/StateNews.aspx?news=TkVXUzEwMDA0MjY4Nw%3D%3D-bSp8jh3okxw%3D,26.1807,94.5497
5274,08/04/2013 12:00:00 AM,"Suruhuto Town, Nagaland","Suruhuto Town, Nagaland",25km,rain,medium,landslide,,India,Nāgāland,www.nagalandpost.com,http://www.nagalandpost.com/ChannelNews/State/StateNews.aspx?news=TkVXUzEwMDA0MjY4Nw%3D%3D-bSp8jh3okxw%3D,26.0838,94.564
5275,08/04/2013 12:00:00 AM,"Suruhuto Town, Nagaland","Suruhuto Town, Nagaland",10km,monsoon,medium,landslide,,India,Nāgāland,www.nagalandpost.com,http://www.nagalandpost.com/ChannelNews/State/StateNews.aspx?news=TkVXUzEwMDA0MjY4Nw%3D%3D-bSp8jh3okxw%3D,26.1498,94.6055
5300,08/09/2013 12:00:00 AM,"Senapati, Manipur","Senapati, Manipur",50km,downpour,large,landslide,,India,Nāgāland,e-pao.net,http://e-pao.net/GP.asp?src=Snipp8..230813.aug13,25.318,94.0441
5312,08/11/2013 11:00:00 PM,Kangtsung Village,Kangtsung Village,10km,downpour,very_large,landslide,0,India,Assam,www.nagalandpost.com,http://www.nagalandpost.com/channelnews/State/StateNews.aspx?news=TkVXUzEwMDA0MzQ3OQ%3D%3D-qmeQz2DKZMo%3D,26.7103,94.693
5427,08/15/2013 12:00:00 AM,"Koide Government High School, Senapati, Manipur","Koide Government High School, Senapati, Manipur",5km,downpour,medium,landslide,,India,Nāgāland,e-pao.net,http://e-pao.net/GP.asp?src=Snipp8..230813.aug13,25.3833,94.1884
5336,08/16/2013 12:00:00 AM,"Tobu, Nagaland","Tobu, Nagaland",10km,rain,medium,landslide,,India,Nāgāland,www.morungexpress.com,http://www.morungexpress.com/local/103875.html,26.3897,94.9439
5337,08/16/2013 12:00:00 AM,"Yakshu, Nagaland","Yakshu, Nagaland",5km,rain,medium,landslide,,India,Nāgāland,www.morungexpress.com,http://www.morungexpress.com/local/103875.html,26.4205,94.9731
5338,08/16/2013 12:00:00 AM,"Longlem, Nagaland","Longlem, Nagaland",25km,rain,medium,landslide,,India,Assam,www.nagalandpost.com,http://www.nagalandpost.com/channelnews/state/StateNews.aspx?news=TkVXUzEwMDA0NDE4MQ%3D%3D-6hneqQH1frg%3D,26.8727,94.9275
5343,08/17/2013 11:00:00 PM,The Imphal-Jiribam Section Of Nh-37 In Tamenglong District,The Imphal-Jiribam Section Of Nh-37 In Tamenglong District,10km,continuous_rain,medium,landslide,,India,Assam,www.nagalandpost.com,http://www.nagalandpost.com/ChannelNews/Regional/RegionalNews.aspx?news=TkVXUzEwMDA0MzUxNQ%3D%3D-zy3k3F6024s%3D,24.7625,93.4341
5421,08/30/2013 12:00:00 AM,"Yakshu, Nagaland","Yakshu, Nagaland",5km,unknown,medium,mudslide,,India,Nāgāland,www.nagalandpost.com,http://www.nagalandpost.com/ChannelNews/State/StateNews.aspx?news=TkVXUzEwMDA0NDY0Nw%3D%3D-jp8K0A7ZhsM%3D,26.4205,94.9731
5430,09/01/2013 12:00:00 AM,"Tamenglong- Khongsang Road, Manipur","Tamenglong- Khongsang Road, Manipur",25km,continuous_rain,medium,mudslide,0,India,Manipur,e-pao.net,http://e-pao.net/GP.asp?src=24..050913.sep13,24.9037,93.487
5431,09/01/2013 12:00:00 AM,"Tamenglong, Manipur","Tamenglong, Manipur",5km,continuous_rain,medium,mudslide,0,India,Assam,e-pao.net,http://e-pao.net/GP.asp?src=24..050913.sep13,24.9829,93.5063
5441,09/02/2013 12:00:00 AM,"Gosang Village Under Jengging Circle, Arunachal Pradesh","Gosang Village Under Jengging Circle, Arunachal Pradesh",5km,downpour,large,landslide,,India,Arunāchal Pradesh,articles.timesofindia.indiatimes.com,http://articles.timesofindia.indiatimes.com/2013-09-08/guwahati/41872983_1_flood-situation-arunachal-pradesh-landslides,28.611,94.9829
5442,09/02/2013 12:00:00 AM,Arunachal Pradesh,Arunachal Pradesh,unknown,downpour,large,landslide,,India,Arunāchal Pradesh,ibnlive.in.com,http://ibnlive.in.com/news/massive-landslide-in-arunachal-due-to-rainfall-2-districts-remain-cut-off/420409-3-229.html,27.1614,93.7525
5552,09/24/2013 12:00:00 AM,"Ukhrul, Manipur","Ukhrul, Manipur",5km,unknown,medium,landslide,,India,Manipur,www.morungexpress.com,http://www.morungexpress.com/regional/104056.html,25.0985,94.3619
5575,10/05/2013 11:00:00 PM,"Chiechama, Nagaland","Chiechama, Nagaland",5km,continuous_rain,medium,mudslide,0,India,Nāgāland,www.business-standard.com,http://www.business-standard.com/article/current-affairs/mudslides-block-nh-2-in-nagaland-113100700032_1.html,25.8266,94.1497
5582,10/06/2013 12:45:00 PM,"Batahguli, Guwahati, Assam","Batahguli, Guwahati, Assam",5km,downpour,medium,landslide,1,India,Assam,articles.timesofindia.indiatimes.com,http://articles.timesofindia.indiatimes.com/2013-10-07/guwahati/42793381_1_anil-nagar-heavy-rain-nabin-nagar,26.1309,91.8383
5584,10/06/2013 12:00:00 AM,"Nilachal Hill, Guwahati, Assam","Nilachal Hill, Guwahati, Assam",5km,downpour,medium,landslide,0,India,Assam,articles.timesofindia.indiatimes.com,http://articles.timesofindia.indiatimes.com/2013-10-07/guwahati/42793381_1_anil-nagar-heavy-rain-nabin-nagar,26.1665,91.7049
5603,10/13/2013 07:30:00 PM,"Tusom, Manipur","Tusom, Manipur",5km,downpour,medium,mudslide,0,India,Manipur,www.indiatvnews.com,http://www.indiatvnews.com/news/india/people-in-manipur-evacuate-due-to-landslides-volcanic-eruption-fear-baseless-29544.html,25.426,94.6024
5969,03/20/2014 12:00:00 AM,Myitkyina Republic of the Union of Myanmar,Myitkyina Republic of the Union of Myanmar,50km,construction,unknown,landslide,6,Myanmar [Burma],Kachin,DVB,http://www.dvb.no/news/landslide-kills-6-injures-4-in-kachin-jade-mine-burma-myanmar/38718#http://www.dvb.no/news/landslide-kills-6-injures-4-in-kachin-jade-mine-burma-myanmar/38718,25.8509,97.4381
6015,05/08/2014 12:00:00 AM,Lohit District of Arunachal Pradesh,Lohit District of Arunachal Pradesh,1km,rain,medium,mudslide,0,India,Arunachal Pradesh,Business Standard,http://www.business-standard.com/article/pti-stories/communication-to-tezu-snapped-due-to-landslide-114051000401_1.html,27.9032,96.174
6016,05/09/2014 11:00:00 PM,"Satgarakul Village, Karimganj, Assam State","Satgarakul Village, Karimganj, Assam State",1km,rain,small,landslide,7,India,Assam,Sciency Thoughts,http://sciencythoughts.blogspot.com/2014/05/seven-members-of-one-family-killed-by.html,24.8669,92.3576
6019,05/10/2014 09:00:00 AM,Borolekha upazila of Moulvibazar,Borolekha upazila of Moulvibazar,25km,rain,small,landslide,3,Bangladesh,Sylhet,The Daily Star,http://www.thedailystar.net/backpage/landslide-kills-3-of-a-family-23595,24.4136,91.7561
6020,05/10/2014 09:00:00 AM, Purba Satchhari village in Sadar upazila, Purba Satchhari village in Sadar upazila,10km,rain,medium,landslide,0,Bangladesh,Sylhet,The Daily Star,http://www.thedailystar.net/backpage/landslide-kills-3-of-a-family-23595,24.5784,91.7227
6105,06/26/2014 11:00:00 PM,Arunachal Pradesh,Arunachal Pradesh,unknown,continuous_rain,medium,landslide,0,India,Arunachal Pradesh,Times of India,http://timesofindia.indiatimes.com/india/Landslides-in-Arunachal-Pradesh-due-to-incessant-rain/articleshow/37379365.cms,28.9205,95.3429
6106,06/26/2014 11:00:00 PM,Narakasur,Narakasur,5km,continuous_rain,small,landslide,3,India,Assam,Two Circles,http://twocircles.net/2014jun27/8_killed_assam_landslides_electrocution.html#.U70ydPldU1L,26.1407,91.7645
6107,06/26/2014 11:00:00 PM,Bamunimaidam,Bamunimaidam,5km,continuous_rain,small,landslide,1,India,Assam,Two Circles,http://twocircles.net/2014jun27/8_killed_assam_landslides_electrocution.html#.U70ydPldU1L,26.1844,91.7896
6110,06/27/2014 12:00:00 AM,"Bhangagarh, Assam","Bhangagarh, Assam",exact,rain,small,landslide,3,India,Assam,Assam Times,http://www.assamtimes.org/node/11181,26.1619,91.7697
6112,06/28/2014 09:00:00 AM,"Kharghuli Hills, Assam","Kharghuli Hills, Assam",exact,rain,medium,landslide,0,India,Assam,Assam Times,http://www.assamtimes.org/node/11181,26.1964,91.7652
6124,07/04/2014 12:00:00 AM,"Hpakan, Kachin","Hpakan, Kachin",5km,rain,large,landslide,70,Myanmar [Burma],Kachin,Democracy for Burma,http://democracyforburma.wordpress.com/2009/07/08/the-death-toll-has-risen-to-70-in-the-aftermath-of-floods-and-landslides-in-burmas-hpakant-jade-mining-area-in-the-countrys-northern-kachin-state-on-july-4-and-5/,25.6157,96.3167
6143,07/14/2014 06:00:00 PM,"Zembabawk, Aizawl","Zembabawk, Aizawl",5km,downpour,medium,landslide,1,India,Mizoram,Business Standard,http://www.business-standard.com/article/pti-stories/rescue-operations-for-woman-swept-away-by-landslide-continue-114071500831_1.html,23.7327,92.7463
6200,08/17/2014 12:00:00 AM,Arunachal Pradesh/Itanagar,Arunachal Pradesh/Itanagar,10km,downpour,large,landslide,0,India,Arunachal Pradesh,One India News,http://news.oneindia.in/india/flood-landslides-in-arunachal-pradesh-1504142.html,27.0869,93.6086
6331,09/08/2014 12:00:00 AM,Kiphire-Seyochung road near Yangzitong village,Kiphire-Seyochung road near Yangzitong village,25km,unknown,medium,mudslide,0,India,Nagaland,Nagaland Post,http://www.nagalandpost.com/channelnews/State/StateNews.aspx?news=TkVXUzEwMDA2Njg2NQ%3D%3D,25.9466,94.6279
6291,09/21/2014 12:00:00 AM,National Highway 51,National Highway 51,25km,continuous_rain,large,landslide,0,India,Meghalaya,Indian Express,http://indianexpress.com/article/india/india-others/pregnant-woman-among-nine-killed-in-shillong-landslide/,25.7354,90.3852
6282,09/22/2014 12:00:00 AM,Lalmati,Lalmati,5km,rain,small,landslide,1,India,Assam,Assam Tribune,http://www.assamtribune.com/scripts/detailsnew.asp?id=sep2414/at051,26.1097,91.7747
6283,09/22/2014 12:00:00 AM,Dakhingaon,Dakhingaon,1km,rain,small,landslide,0,India,Assam,Assam Tribune,http://www.assamtribune.com/scripts/detailsnew.asp?id=sep2414/at051,26.1314,91.7548
6284,09/22/2014 12:00:00 AM,Batahghuli,Batahghuli,5km,rain,small,landslide,0,India,Assam,Assam Tribune,http://www.assamtribune.com/scripts/detailsnew.asp?id=sep2414/at051,26.1324,91.8342
6285,09/22/2014 12:00:00 AM,VIP Road,VIP Road,5km,rain,small,landslide,0,India,Assam,Assam Tribune,http://www.assamtribune.com/scripts/detailsnew.asp?id=sep2414/at051,26.159,91.8178
6286,09/22/2014 12:00:00 AM,Garchuk,Garchuk,5km,rain,small,landslide,0,India,Assam,Assam Tribune,http://www.assamtribune.com/scripts/detailsnew.asp?id=sep2414/at051,26.1044,91.7082
6287,09/22/2014 12:00:00 AM,Dhirenpara,Dhirenpara,5km,rain,small,landslide,0,India,Assam,Assam Tribune,http://www.assamtribune.com/scripts/detailsnew.asp?id=sep2414/at051,26.1295,91.7056
6288,09/22/2014 12:00:00 AM,Noonmati,Noonmati,5km,rain,small,landslide,0,India,Assam,Assam Tribune,http://www.assamtribune.com/scripts/detailsnew.asp?id=sep2414/at051,26.1985,91.7998
6289,09/22/2014 12:00:00 AM,Pamohi,Pamohi,5km,rain,small,landslide,0,India,Assam,Assam Tribune,http://www.assamtribune.com/scripts/detailsnew.asp?id=sep2414/at051,26.1001,91.6849
6290,09/23/2014 03:00:00 AM,Mawbah under Mawprem area,Mawbah under Mawprem area,5km,continuous_rain,small,landslide,8,India,Meghalaya,Zee News,http://zeenews.india.com/news/north-east/eight-die-of-landslide-in-east-khasi-hills_1474744.html,25.5772,91.8666
6292,09/23/2014 12:00:00 AM,Hatsingimari,Hatsingimari,5km,continuous_rain,small,landslide,1,India,Assam,Deccan Herald,http://www.deccanherald.com/content/432481/landslide-guwahati-shillong-highway.html,25.7238,89.9032
6213,09/24/2014 12:00:00 AM,Meghalaya,Meghalaya,unknown,continuous_rain,large,landslide,0,India,Meghalaya,The New Indian Express,http://www.newindianexpress.com/nation/Fifty-Nine-Killed-in-Flash-Flood-and-Landslide-in-Meghalaya/2014/10/07/article2466329.ece,25.8143,90.5763
6222,10/01/2014 11:00:00 AM,Karsingsa block point,Karsingsa block point,5km,unknown,small,landslide,5,India,Arunachal Pradesh,The Assam Tribune,http://www.assamtribune.com/scripts/detailsnew.asp?id=oct0214/oth052,27.1249,93.7706
6214,10/05/2014 05:45:00 PM,Jorabat-Umiam route,Jorabat-Umiam route,5km,rain,medium,landslide,1,India,Meghalaya,The Telegraph,http://www.telegraphindia.com/1141007/jsp/frontpage/story_18900562.jsp#.VDVSk_ldV8E,25.9702,91.8587
6293,10/20/2014 12:00:00 AM,South West Garo Hills,South West Garo Hills,50km,rain,medium,landslide,6,India,Meghalaya,TIMES OF INDIA,http://timesofindia.indiatimes.com/city/guwahati/Landslide-deluge-kill-7-in-Meghalayas-Garo-Hills/articleshow/43174646.cms,25.5006,90.0896
6656,01/06/2015 07:05:00 PM,"Mawmaungbon village, Hpakant","Mawmaungbon village, Hpakant",5km,downpour,medium,other,4,Myanmar [Burma],Kachin,Business Standard,http://www.business-standard.com/article/pti-stories/2-dead-unknown-number-missing-in-myanmar-jade-mine-landslide-115010800596_1.html,25.6172,96.3005
6758,02/09/2015 11:00:00 AM,Gulgaon Hill area under Bahubal upazila of Habiganj district,Gulgaon Hill area under Bahubal upazila of Habiganj district,10km,mining,small,other,2,Bangladesh,Sylhet,Daily Star,http://www.thedailystar.net/country/landslide-kills-2-in-habiganj-64024,24.3311,91.5642
6775,02/14/2015 12:00:00 AM,Kailashpur hill,Kailashpur hill,5km,mining,small,landslide,1,India,Assam,Telegraph,http://www.telegraphindia.com/1150215/jsp/frontpage/story_3475.jsp#.VONkky5HWUk,26.1468,91.6469
6786,02/19/2015 11:00:00 PM,"Hailākāndi : Two labourers died while another was injured in a landslide in Assam's Hailakandi district, the police said today.",,5km,mining,medium,landslide,2,India,Assam,Business Standard,http://www.business-standard.com/article/pti-stories/two-labourers-killed-in-landslide-115022000437_1.html,24.6108,92.562
6792,02/22/2015 08:30:00 PM,Bholaganj stone quarry in Companyganj upazila,Bholaganj stone quarry in Companyganj upazila,5km,mining,medium,mudslide,4,Bangladesh,Sylhet,Dhaka Tribune,http://www.dhakatribune.com/bangladesh/2015/feb/23/4-died-sylhet-landslide,25.1472,91.7483
6846,03/08/2015 12:00:00 AM,between Khunkhar and Shansu village,between Khunkhar and Shansu village,50km,mining,large,mudslide,50,Myanmar [Burma],Kachin,Eleven,http://www.elevenmyanmar.com/index.php?option=com_content&view=article&id=9249:high-death-toll-estimated-in-hpakant-jade-mine-landslide&catid=44&Itemid=384,25.6183,96.2964
7591,03/19/2015 12:00:00 AM,Ratacherra,Ratacherra,5km,rain,small,landslide,0,India,Assam,International Business Times,http://www.ibtimes.co.in/meghalaya-massive-landslide-east-jaintia-hills-flash-floods-shillong-hit-normal-life-643439,25.0318,92.4584
6930,03/30/2015 09:00:00 AM,beside the mine in Hpakant,beside the mine in Hpakant,25km,mining,medium,landslide,9,Myanmar [Burma],Kachin,Straits Times,http://www.straitstimes.com/news/asia/south-east-asia/story/nine-dead-landslide-myanmar-jade-mine-state-media-20150401,25.6115,96.2907
6971,06/09/2015 12:00:00 AM,"Itanagar, Arunachal Pradesh","Itanagar, Arunachal Pradesh",5km,continuous_rain,medium,landslide,2,India,Arunachal Pradesh,First Post,http://www.firstpost.com/india/two-dead-2-injured-landslide-arunachal-pradesh-school-remain-shut-heavy-rainfall-alert-2287954.html,27.0987,93.816
6982,06/11/2015 09:00:00 AM,Muhona residential area of Sylhet,Muhona residential area of Sylhet,5km,rain,small,landslide,0,Bangladesh,Sylhet,The Daily Star,http://www.thedailystar.net/city/3-family-hurt-sylhet-mudslide-95881,24.9016,91.8771
6968,06/13/2015 12:00:00 AM,"Ratacherra village along the NH-44 connecting to Barak Valley in Assam and Tripura, Meghalaya, Mizoramon","Ratacherra village along the NH-44 connecting to Barak Valley in Assam and Tripura, Meghalaya, Mizoramon",5km,continuous_rain,medium,landslide,4,India,Meghalaya,newKarala,http://www.newkerala.com/news/2015/fullnews-73439.html,25.463,92.2121
6969,06/16/2015 06:15:00 AM,"Nakham Bazaar, Tura, Meghalaya","Nakham Bazaar, Tura, Meghalaya",1km,downpour,medium,landslide,4,India,Meghalaya,The Shillong Times,http://www.theshillongtimes.com/2015/06/17/entire-family-among-5-dead-in-tura-landslides/,25.5114,90.215
6970,06/16/2015 12:00:00 AM,Akonggre,Akonggre,1km,downpour,small,rock_fall,1,India,Meghalaya,The Shillong Times,http://www.theshillongtimes.com/2015/06/17/entire-family-among-5-dead-in-tura-landslides/,25.5084,90.2191
6945,06/19/2015 12:00:00 AM,"amei to Kangpokpi via Imphal road, 0.5 km from Tamei, Tamenglang District","amei to Kangpokpi via Imphal road, 0.5 km from Tamei, Tamenglang District",1km,monsoon,medium,landslide,0,India,Manipur,E-Pao,http://e-pao.net/GP.asp?src=34..200615.jun15,25.16,93.686
6963,06/19/2015 12:00:00 AM,"Muanna locality, Mizoram","Muanna locality, Mizoram",50km,rain,medium,landslide,0,India,Mizoram,The Statesmen,http://www.thestatesman.com/news/northeast/27-graves-damaged-in-mizoram-landslide/70263.html,23.7131,92.7362
6990,06/24/2015 12:00:00 AM,"New Land (""""New Colony"""")","New Land (""""New Colony"""")",5km,continuous_rain,medium,landslide,0,India,Nagaland,Nagaland Post,http://www.nagalandpost.com/channelnews/state/StateNews.aspx?news=TkVXUzEwMDA4MjI0OA%3D%3D,26.0319,94.5466
7214,07/15/2015 08:00:00 AM,Type-IV Colony of Seppa in East Kameng,Type-IV Colony of Seppa in East Kameng,5km,monsoon,medium,landslide,3,India,Arunachal Pradesh,NDTV,http://www.ndtv.com/andhra-pradesh-news/3-killed-in-landslide-in-arunachal-pradesh-781829,27.36,93.0385
7253,07/22/2015 12:00:00 AM,Lakhipur,Lakhipur,5km,continuous_rain,medium,landslide,5,India,Assam,Assam Times,http://www.assamtimes.org/node/14309,24.7979,92.9974
7263,07/22/2015 12:00:00 AM,"15 kms from Maram, National Highway-102/A (Maram Peren road)","15 kms from Maram, National Highway-102/A (Maram Peren road)",1km,continuous_rain,medium,landslide,0,India,Manipur,The Sangai Express,http://www.thesangaiexpress.com/page/items/54212/massive-landslide-along-maram-peren-road-downpour-creates-havoc-in-different-parts,25.4477,94.0489
7264,07/22/2015 12:00:00 AM,22 kms to 30 kms between Sangkungmai and Willong,22 kms to 30 kms between Sangkungmai and Willong,5km,continuous_rain,medium,landslide,0,India,Manipur,The Sangai Express,http://www.thesangaiexpress.com/page/items/54212/massive-landslide-along-maram-peren-road-downpour-creates-havoc-in-different-parts,25.4538,93.9827
7265,07/22/2015 12:00:00 AM,Willong-Yangkhullen stretch,Willong-Yangkhullen stretch,5km,continuous_rain,medium,landslide,0,India,Manipur,The Sangai Express,http://www.thesangaiexpress.com/page/items/54212/massive-landslide-along-maram-peren-road-downpour-creates-havoc-in-different-parts,25.5007,93.9854
7266,07/22/2015 12:00:00 AM,Yangkhullen-Tamphung road till Nagaland border,Yangkhullen-Tamphung road till Nagaland border,10km,continuous_rain,medium,landslide,0,India,Manipur,The Sangai Express,http://www.thesangaiexpress.com/page/items/54212/massive-landslide-along-maram-peren-road-downpour-creates-havoc-in-different-parts,25.5098,93.8794
7267,07/22/2015 12:00:00 AM,NH-2 between Senapati and Mao,NH-2 between Senapati and Mao,10km,continuous_rain,small,landslide,0,India,Manipur,The Sangai Express,http://www.thesangaiexpress.com/page/items/54212/massive-landslide-along-maram-peren-road-downpour-creates-havoc-in-different-parts,25.3908,94.0926
7279,07/24/2015 12:00:00 AM,Tamenglong Ward No-IV,Tamenglong Ward No-IV,50km,monsoon,medium,mudslide,0,India,Manipur,E-PAO,http://e-pao.net/GP.asp?src=Snipp16..250715.jul15,24.9818,93.5142
7276,07/25/2015 09:00:00 AM,"Dispur : According to report, a huge hillock slipped into the house after heavy rain where Dinesh Bodo along with his wife and daughter lived in. Thi*",,5km,continuous_rain,medium,landslide,2,India,Assam,ASSAM Talks,http://www.assamtalks.com/2-killed-in-jorabat-landslide.html,26.1062,91.8717
7364,07/31/2015 09:00:00 AM,Phungyar road,Phungyar road,10km,continuous_rain,medium,landslide,0,India,Manipur,E-PAO,http://e-pao.net/GP.asp?src=22..010815.aug15,24.819,94.3551
7372,07/31/2015 11:00:00 PM,Naga Gate along the Ukhrul-Imphal route,Naga Gate along the Ukhrul-Imphal route,10km,continuous_rain,medium,mudslide,0,India,Manipur,E-PAO,http://e-pao.net/GP.asp?src=22..020815.aug15,25.0634,94.3415
7313,08/01/2015 06:30:00 AM,Joumol of Chandel district,Joumol of Chandel district,25km,continuous_rain,large,landslide,21,Myanmar [Burma],Chin,Sangai Express,http://www.thesangaiexpress.com/page/items/55203/healing-touch-to-flood-landslide-affected-victims,24.1077,94.0396
7314,08/01/2015 12:00:00 AM,Kale valley,Kale valley,unknown,rain,medium,landslide,0,Myanmar [Burma],Chin,Sangai Express,http://www.thesangaiexpress.com/page/items/55203/healing-touch-to-flood-landslide-affected-victims,23.7736,94.1201
7369,08/01/2015 12:00:00 AM,between Chalong and Paraolon,between Chalong and Paraolon,10km,continuous_rain,medium,landslide,0,India,Manipur,E-PAO,http://e-pao.net/GP.asp?src=21..020815.aug15,24.1988,94.1016
7370,08/01/2015 12:00:00 AM,between Moltuk to New Songjang village,between Moltuk to New Songjang village,5km,continuous_rain,medium,landslide,0,India,Manipur,E-PAO,http://e-pao.net/GP.asp?src=21..020815.aug15,24.1419,94.1078
7371,08/01/2015 12:00:00 AM,near S Lamphei Lamkhai and Sehlon village,near S Lamphei Lamkhai and Sehlon village,50km,continuous_rain,medium,landslide,0,India,Manipur,E-PAO,http://e-pao.net/GP.asp?src=21..020815.aug15,23.9939,94.0573
7373,08/01/2015 12:00:00 AM,between Maku village and Kamjong sub division,between Maku village and Kamjong sub division,10km,continuous_rain,medium,landslide,,India,Manipur,E-PAO,http://e-pao.net/GP.asp?src=22..020815.aug15,24.9111,94.4759
7374,08/01/2015 12:00:00 AM,Ukhrul town Circular road from Rayotang to Viewland Zone II,Ukhrul town Circular road from Rayotang to Viewland Zone II,10km,continuous_rain,medium,landslide,0,India,Manipur,E-PAO,http://e-pao.net/GP.asp?src=22..020815.aug15,25.1122,94.3591
7375,08/01/2015 12:00:00 AM,Ukhrul NH 201-Jessami road,Ukhrul NH 201-Jessami road,25km,continuous_rain,medium,landslide,0,India,Manipur,E-PAO,http://e-pao.net/GP.asp?src=22..020815.aug15,25.1941,94.4481
7383,08/01/2015 12:00:00 AM,"Tuitung village, Khengjoi","Tuitung village, Khengjoi",5km,rain,medium,landslide,0,India,Manipur,Hindustan Times,http://www.hindustantimes.com/india/20-dead-several-houses-swept-away-in-manipur-landslide/story-KoP6OouFBWhqxSdcnLrXJN.html,23.899,94.1434
7384,08/01/2015 12:00:00 AM,"Wayang, Khengjoi","Wayang, Khengjoi",5km,rain,medium,landslide,0,India,Manipur,Hindustan Times,http://www.hindustantimes.com/india/20-dead-several-houses-swept-away-in-manipur-landslide/story-KoP6OouFBWhqxSdcnLrXJN.html,23.9278,94.0906
7385,08/01/2015 12:00:00 AM,"Holenjang, Chandel district","Holenjang, Chandel district",10km,continuous_rain,medium,landslide,0,India,Manipur,India Today,http://indiatoday.intoday.in/story/landslide-in-manipur-near-myanmar-border-kills-21/1/455645.html,24.004,93.9815
7387,08/01/2015 12:00:00 AM,Imphal-Ukhrul road,Imphal-Ukhrul road,50km,continuous_rain,small,landslide,0,India,Manipur,E-PAO,http://e-pao.net/GP.asp?src=1..020815.aug15,24.954,94.2156
7388,08/01/2015 12:00:00 AM,Senam,Senam,5km,continuous_rain,medium,landslide,0,India,Manipur,E-PAO,http://e-pao.net/GP.asp?src=1..020815.aug15,24.416,94.0984
7389,08/01/2015 12:00:00 AM,between Bongyang and Lokchao along the Imphal-Moreh highway,between Bongyang and Lokchao along the Imphal-Moreh highway,5km,continuous_rain,medium,landslide,0,India,Manipur,E-PAO,http://e-pao.net/GP.asp?src=1..020815.aug15,24.4072,94.0644
7390,08/01/2015 12:00:00 AM,between Tengnoupal-Sita junction and Tengnoupal Power Sub-Station,between Tengnoupal-Sita junction and Tengnoupal Power Sub-Station,25km,continuous_rain,medium,landslide,0,India,Manipur,E-PAO,http://e-pao.net/GP.asp?src=1..020815.aug15,24.4265,94.1913
7910,08/01/2015 12:00:00 AM,Chandel,Chandel,10km,unknown,medium,landslide,0,India,Manipur,E-Pao,http://e-pao.net/GP.asp?src=30..300815.aug15,24.3481,94.1146
7409,08/02/2015 12:00:00 AM,Meluri Sub-Division in Phek District of Nagaland,Meluri Sub-Division in Phek District of Nagaland,10km,continuous_rain,medium,landslide,0,India,Nagaland,IBN Live,http://www.ibnlive.com/news/india/incessant-rains-trigger-landslide-and-mud-slips-in-nagaland-1029674.html,25.72,94.6219
7664,08/11/2015 12:00:00 AM,Nungba,Nungba,10km,continuous_rain,medium,landslide,0,India,Manipur,E-PAO,http://e-pao.net/GP.asp?src=26..120815.aug15,24.7459,93.4251
7665,08/11/2015 12:00:00 AM,Khoupum,Khoupum,5km,continuous_rain,medium,landslide,0,India,Manipur,E-PAO,http://e-pao.net/GP.asp?src=26..120815.aug15,24.7016,93.5291
7666,08/11/2015 12:00:00 AM,Tousem,Tousem,5km,continuous_rain,medium,landslide,0,India,Manipur,E-PAO,http://e-pao.net/GP.asp?src=26..120815.aug15,25.1019,93.3729
7660,08/12/2015 12:00:00 AM,Phesama village,Phesama village,5km,continuous_rain,medium,mudslide,0,India,Nagaland,Nagaland Post,http://www.nagalandpost.com/channelnews/State/StateNews.aspx?news=TkVXUzEwMDA4NDc2Mg%3D%3D,25.6237,94.1136
7696,08/14/2015 11:00:00 AM,Mangdechu hydropower project,Mangdechu hydropower project,50km,mining,medium,landslide,5,,,Landslide Blog,http://blogs.agu.org/landslideblog/2015/08/14/mangdechu/,27.4373,90.4678
7887,08/16/2015 12:00:00 AM,Hawai,Hawai,50km,continuous_rain,medium,landslide,0,India,Arunachal Pradesh,The Times of India,http://timesofindia.indiatimes.com/city/guwahati/Landslide-cuts-off-Anjaw-district-food-prices-rise/articleshow/48715682.cms,27.8835,96.9262
7334,08/18/2015 12:00:00 AM,Arunachal Pradesh,Arunachal Pradesh,unknown,unknown,medium,landslide,1,India,Arunachal Pradesh,webindia123,http://news.webindia123.com/news/Articles/India/20150820/2664183.html,28.1737,94.7596
7335,08/18/2015 09:00:00 AM,Tura Civil Hospital,Tura Civil Hospital,1km,continuous_rain,medium,landslide,0,India,Meghalaya,Shillong Times,http://www.theshillongtimes.com/2015/08/20/child-washed-away-in-tura/,25.5145,90.2023
7336,08/19/2015 09:00:00 AM,NH-62 at Sibbari,NH-62 at Sibbari,10km,continuous_rain,medium,landslide,0,India,Meghalaya,Shillong Times,http://www.theshillongtimes.com/2015/08/20/child-washed-away-in-tura/,25.2193,90.5549
7589,08/19/2015 12:00:00 AM,National Highway 44,National Highway 44,25km,rain,medium,landslide,0,India,Meghalaya,International Business Times,http://www.ibtimes.co.in/meghalaya-massive-landslide-east-jaintia-hills-flash-floods-shillong-hit-normal-life-643439,25.2568,92.3825
7590,08/19/2015 12:00:00 AM,Tongseng,Tongseng,5km,rain,small,landslide,0,India,Meghalaya,International Business Times,http://www.ibtimes.co.in/meghalaya-massive-landslide-east-jaintia-hills-flash-floods-shillong-hit-normal-life-643439,25.1416,92.3807
7699,08/19/2015 12:00:00 AM,Zunheboto district,Zunheboto district,50km,continuous_rain,medium,landslide,0,India,Nagaland,Web India 123,http://news.webindia123.com/news/Articles/India/20150819/2663754.html,26.0214,94.5224
7701,08/19/2015 03:00:00 PM,Phesama,Phesama,5km,continuous_rain,medium,landslide,0,India,Nagaland,Nagaland Post,http://nagalandpost.com/ChannelNews/State/StateNews.aspx?news=TkVXUzEwMDA4NTE4Nw%3D%3D,25.6278,94.1051
7706,08/19/2015 12:00:00 AM,National Highway at Kuliang,National Highway at Kuliang,5km,rain,medium,landslide,0,India,Meghalaya,Assam Times,http://www.assamtimes.org/node/14622,25.0728,92.3636
7727,08/20/2015 06:00:00 PM,between Phesama and Kuima in Nagaland,between Phesama and Kuima in Nagaland,5km,continuous_rain,medium,landslide,0,India,Nagaland,E-PAO,http://e-pao.net/GP.asp?src=11..220815.aug15,25.6263,94.1057
7728,08/22/2015 09:00:00 AM,Natonal Highway in Jorabat area,Natonal Highway in Jorabat area,5km,continuous_rain,medium,landslide,0,India,Assam,Assam Times,http://www.assamtimes.org/node/14643,26.1028,91.8806
7778,08/26/2015 12:00:00 AM,Phullen’s main road,Phullen’s main road,10km,continuous_rain,medium,mudslide,0,India,Mizoram,Indian Express,http://indianexpress.com/article/india/india-others/several-houses-swept-away-in-mudslide-in-the-mizoram-town-of-phullen/,23.8447,93.0514
7836,08/27/2015 12:00:00 AM,"National Highway 54, at Kawnpui town","National Highway 54, at Kawnpui town",10km,downpour,medium,landslide,0,India,Mizoram,Indian Express,http://indianexpress.com/article/india/india-others/mizoram-aizawl-houses-swept-away-graves-damaged-by-rain-and-landslide/,24.042,92.6724
7837,08/27/2015 12:00:00 AM,three graveyards within Aizawl,three graveyards within Aizawl,5km,downpour,medium,landslide,0,India,Mizoram,Indian Express,http://indianexpress.com/article/india/india-others/mizoram-aizawl-houses-swept-away-graves-damaged-by-rain-and-landslide/,23.7269,92.7265
7838,08/27/2015 12:00:00 AM,the state highway which links the rest of the state to eastern Champhai district,the state highway which links the rest of the state to eastern Champhai district,50km,downpour,medium,landslide,0,,,Indian Express,http://indianexpress.com/article/india/india-others/mizoram-aizawl-houses-swept-away-graves-damaged-by-rain-and-landslide/,23.6866,93.017
7923,09/01/2015 12:00:00 AM,Amingaon,Amingaon,10km,rain,medium,landslide,2,India,Assam,The New Indian Express,http://www.newindianexpress.com/nation/Woman-Child-Killed-in-Assam-Landslide/2015/09/01/article3005012.ece,26.49349035,91.72137514
7933,09/01/2015 12:00:00 AM,Maligaon,Maligaon,1km,rain,medium,rock_fall,2,India,Assam,Assam Times,http://www.assamtimes.org/node/14780,26.1868,91.6739
7956,09/05/2015 12:00:00 AM,Byrnihat,Byrnihat,1km,unknown,medium,landslide,0,India,Meghalaya,The Assam Tribune,http://www.assamtribune.com/scripts/detailsnew.asp?id=sep0615/city053,26.048,91.8695
8012,09/06/2015 03:00:00 PM,"Umling, Meghalaya 793102, India","Umling, Meghalaya 793102, India",1km,unknown,medium,landslide,0,India,Meghalaya,The Assam Tribune,http://www.assamtribune.com/scripts/detailsnew.asp?id=sep0815/oth058,25.9703,91.8584
8223,09/14/2015 03:10:00 AM,"Aizawl, Mizoram, India","Aizawl, Mizoram, India",5km,downpour,large,landslide,0,India,Mizoram,The Northeast Today,http://thenortheasttoday.com/landslides-damage-houses-graves-in-aizawl/,23.7348,92.7187
8224,09/14/2015 01:30:00 AM,"Aizawl, Mizoram, India","Aizawl, Mizoram, India",5km,downpour,medium,landslide,0,India,Mizoram,The Northeast Today,http://thenortheasttoday.com/landslides-damage-houses-graves-in-aizawl/,23.7313,92.7187
8339,09/23/2015 12:00:00 AM,Kamakhya Temple,Kamakhya Temple,1km,continuous_rain,medium,landslide,0,India,Assam,Assam Times,http://www.assamtimes.org/node/15150,26.1666,91.7042
8366,09/23/2015 03:00:00 PM,"Shillong, Meghalaya, India","Shillong, Meghalaya, India",5km,downpour,medium,landslide,2,India,Meghalaya,The Northeast Today,http://www.northeasttoday.in/two-women-buried-alive-in-shillong-landslide/,25.583,91.893
8955,11/16/2015 12:00:00 AM,Companiganj upazila of Sylhet district,Companiganj upazila of Sylhet district,1km,unknown,small,landslide,1,Bangladesh,Sylhet,The Financial Express,http://print.thefinancialexpress-bd.com/2015/11/17/118258,25.0821,91.7783
9119,12/25/2015 06:00:00 PM,"Kachin, Myanmar (Burma)","Kachin, Myanmar (Burma)",unknown,mining,medium,landslide,5,Myanmar [Burma],Kachin,RT,https://www.rt.com/news/327144-myanmar-landslide-jade-mines/,26.0746,97.3668
9245,01/25/2016 12:00:00 AM,Hpakan,Hpakan,1km,mining,medium,landslide,6,Myanmar [Burma],Kachin,The Irrawaddy,http://www.irrawaddy.com/burma/at-least-a-dozen-missing-in-latest-hpakant-landslide.html,25.6226,96.2946
9308,02/16/2016 11:00:00 PM,Sylhet,Sylhet,5km,mining,small,rock_fall,1,Bangladesh,Sylhet,The Daily Star,http://www.thedailystar.net/city/woman-dies-sylhet-landslide-573988,24.9007,91.8644
9333,02/25/2016 01:00:00 PM,Jaflong,Jaflong,5km,mining,small,landslide,1,Bangladesh,Sylhet,NTV,http://en.ntvbd.com/bangladesh/17930/Mudslide-at-Sylhet-stone-quarry-kills-worker,25.1622,92.0104
9365,04/02/2016 12:00:00 AM,Phar Kant Jade Mining,Phar Kant Jade Mining,10km,unknown,large,landslide,104,Myanmar [Burma],Kachin,nvs24,http://nvs24.com/news/topstories/Dozens-missing-in-Myanmar-landslide-4678643.html,25.6219,96.2887
9405,04/19/2016 12:00:00 AM,"Techahan Ward, Mon, Nagaland, India","Techahan Ward, Mon, Nagaland, India",1km,continuous_rain,medium,landslide,0,India,Nagaland,Assam Tribune,http://www.assamtribune.com/scripts/detailsnew.asp?id=may0216/oth058,26.7223,95.0243
7655,04/22/2016 02:30:00 AM,"Tawang, Arunachal Pradesh","Tawang, Arunachal Pradesh",5km,continuous_rain,medium,landslide,17,India,Arunachal Pradesh,Zee News,http://zeenews.india.com/news/north-east/landslide-in-tawang-area-of-arunachal-pradesh-watch-video_1878690.html,27.5799,91.8569
9428,04/22/2016 09:30:00 PM,"Thongleng village, Lumla, Tawang, Arunachal Pradesh, India","Thongleng village, Lumla, Tawang, Arunachal Pradesh, India",10km,continuous_rain,medium,landslide,2,,,Arunchal Times,http://www.arunachaltimes.in/two-killed-in-lumla-landslide-four-injured/,27.5523,91.752
9404,05/01/2016 12:00:00 AM,"Hayuliang, Anjaw district,Arunachal Pradesh, India","Hayuliang, Anjaw district,Arunachal Pradesh, India",1km,downpour,medium,landslide,0,India,Arunachal Pradesh,Business Standard,http://www.business-standard.com/article/pti-stories/landslides-in-arunachal-district-no-loss-of-life-116050200846_1.html,28.0822,96.5316
9334,05/18/2016 08:00:00 AM,"Bilaipur, Hailakandi district, Assam, India","Bilaipur, Hailakandi district, Assam, India",1km,continuous_rain,unknown,landslide,2,India,Assam,Indian Express,http://indianexpress.com/article/india/india-news-india/at-least-10-killed-in-landslides-in-assam-rescue-operations-underway-2806810/,24.5204,92.7264
9335,05/18/2016 08:00:00 AM,"Bilaipur, Hailakandi district, Assam, India","Bilaipur, Hailakandi district, Assam, India",1km,continuous_rain,unknown,landslide,2,India,Assam,Indian Express,http://indianexpress.com/article/india/india-news-india/at-least-10-killed-in-landslides-in-assam-rescue-operations-underway-2806810/,24.5202,92.7239
9336,05/18/2016 08:00:00 AM,"Ramchandi , Hailakandi District, Assam, India","Ramchandi , Hailakandi District, Assam, India",1km,continuous_rain,small,landslide,1,India,Assam,Indian Express,http://indianexpress.com/article/india/india-news-india/at-least-10-killed-in-landslides-in-assam-rescue-operations-underway-2806810/,24.5308,92.5121
9338,05/18/2016 08:00:00 AM,"Sonachirra, Karimganj district, Assam, India","Sonachirra, Karimganj district, Assam, India",10km,continuous_rain,medium,landslide,5,India,Assam,Indian Express,http://indianexpress.com/article/india/india-news-india/at-least-10-killed-in-landslides-in-assam-rescue-operations-underway-2806810/,24.4638,92.4943
9309,05/23/2016 08:15:00 PM,"Hpakant, Kachin State, Myanmar","Hpakant, Kachin State, Myanmar",5km,downpour,medium,landslide,14,Myanmar [Burma],Kachin,Myanmar Times,http://www.mmtimes.com/index.php/national-news/20486-hpakant-landslide-kills-14-leaves-up-to-200-missing.html,25.6127,96.2961
9168,06/12/2016 11:00:00 PM,"NH 13 10 kilometers from Old Ziro, Arunachal Pradesh, India","NH 13 10 kilometers from Old Ziro, Arunachal Pradesh, India",10km,downpour,medium,landslide,0,India,Arunachal Pradesh,Arunachal Times,http://www.arunachaltimes.in/landslide-blocks-ziro-tamen-road/,27.6438,93.871
9169,06/12/2016 12:00:00 AM,"on road between Mon and Tobu near Telangsao Hydro project , Nagaland, India","on road between Mon and Tobu near Telangsao Hydro project , Nagaland, India",100km,continuous_rain,unknown,landslide,0,India,Nagaland,Nagaland Post,http://www.nagalandpost.com/channelnews/state/StateNews.aspx?news=TkVXUzEwMDA5ODM0Mg%3D%3D,26.1677,94.2442
9142,06/14/2016 08:00:00 AM,"lower Majakong Ward, Mokokchung, Nagaland, India","lower Majakong Ward, Mokokchung, Nagaland, India",1km,continuous_rain,medium,landslide,0,India,Nagaland,Nagaland Post,http://www.nagalandpost.com/channelnews/state/StateNews.aspx?news=TkVXUzEwMDA5ODM4NA%3D%3D,26.3185,94.5247
8222,06/22/2016 12:00:00 PM,"Piyali Phukan Nagar, Guwahati, India","Piyali Phukan Nagar, Guwahati, India",5km,downpour,medium,mudslide,1,India,Assam,NYOOOZ,http://www.nyoooz.com/guwahati/515423/woman-killed-in-wall-collapse-after-landslide-in-guwahati,26.1961,91.7825
8237,07/01/2016 12:00:00 AM,"Old Inspection Bungalow, Bhalukpong town, West Kameng, Arunachal Pradesh, India","Old Inspection Bungalow, Bhalukpong town, West Kameng, Arunachal Pradesh, India",1km,downpour,large,landslide,5,India,Arunachal Pradesh,The Hindu,http://www.thehindu.com/news/national/many-killed-in-arunachal-landslip/article8798739.ece,27.0136,92.6351
8684,07/07/2016 12:00:00 AM,"Kamrup district, Assam, India","Kamrup district, Assam, India",50km,continuous_rain,medium,landslide,2,India,Assam,Hindustan Times,http://www.hindustantimes.com/india-news/two-killed-due-to-landslide-in-assam/story-iWPiQmWinCDc8gZotcTmFM.html,25.9611,91.3681
8900,07/07/2016 12:00:00 AM,"Imphal-Ukhrul sector of National Highway 102, Manipur, India","Imphal-Ukhrul sector of National Highway 102, Manipur, India",25km,monsoon,large,landslide,0,India,Manipur,Eastern Mirror,http://www.easternmirrornagaland.com/landslide-hampers-nh-102-traffic-restored/,25.0118,94.3136
8901,07/10/2016 12:00:00 AM,"National Highway 2, near Kohima, Nagaland, India","National Highway 2, near Kohima, Nagaland, India",25km,downpour,medium,landslide,0,India,Nagaland,Business Standard,http://www.business-standard.com/article/news-ians/landslide-blocks-nh2-disrupting-traffic-to-and-from-manipur-116071000262_1.html,25.7902,94.1318
8930,07/11/2016 11:00:00 PM,"North Point Colony, Akuluto, Nagaland, India","North Point Colony, Akuluto, Nagaland, India",1km,unknown,large,landslide,0,India,Nagaland,Nagaland Post,https://issuu.com/nagalandpost90/docs/july_13__2016,26.1699,94.4922
9027,07/12/2016 12:00:00 AM,"Jade mine in HmawShan Village in Phakant Township of Kachin State, Myanmar","Jade mine in HmawShan Village in Phakant Township of Kachin State, Myanmar",5km,mining,medium,landslide,4,Myanmar [Burma],Kachin,Mizzima News,http://mizzima.com/news-domestic/four-killed-landslide-phakant,25.6566,96.3495
8995,07/14/2016 12:00:00 AM,"Noonmati Nijarapar area of the city, Guwahati, Assam, India","Noonmati Nijarapar area of the city, Guwahati, Assam, India",5km,monsoon,small,landslide,1,India,Assam,Indian Express,http://indianexpress.com/article/india/india-news-india/separate-landslides-kill-two-in-assam-2913748/,26.1963,91.8074
8996,07/14/2016 12:00:00 AM,"Pub Sarania hill, South Sarania, Guwahati, Assam, India","Pub Sarania hill, South Sarania, Guwahati, Assam, India",1km,monsoon,small,landslide,1,India,Assam,Indian Express,http://indianexpress.com/article/india/india-news-india/separate-landslides-kill-two-in-assam-2913748/,26.1768,91.7702
9010,07/16/2016 12:00:00 AM,"Hoj-Potin Highway, Arunachal Pradesh, India","Hoj-Potin Highway, Arunachal Pradesh, India",5km,downpour,medium,mudslide,1,India,Arunachal Pradesh,Arunachal Times,http://www.arunachaltimes.in/man-washed-away-by-mudslide/,27.3034,93.804
9051,07/19/2016 09:00:00 AM,"12th Mile area at Jorabat, Meghalaya, India","12th Mile area at Jorabat, Meghalaya, India",25km,unknown,medium,landslide,0,India,Meghalaya,NELIVE (North East Live),http://www.nelive.in/assam/news/woman-injured-landslide,26.09748244,91.8744337
9087,07/19/2016 12:00:00 AM,"5 km off Sangam point on Aalo- Pangin road, Arunachal Pradesh, India","5 km off Sangam point on Aalo- Pangin road, Arunachal Pradesh, India",50km,downpour,medium,landslide,0,India,Arunachal Pradesh,NELive,http://www.nelive.in/arunachal-pradesh/news/landslide-disrupts-road-communication-between-aalo-and-pangin,28.235,94.9612
9124,07/19/2016 12:00:00 AM,"Rongthragittim Songittal village, near Sibbari, South Garo Hills District, Meghalaya, India","Rongthragittim Songittal village, near Sibbari, South Garo Hills District, Meghalaya, India",5km,continuous_rain,large,translational_slide,0,India,Meghalaya,Business Standard,http://www.business-standard.com/article/news-ani/over-hundred-homes-displaced-due-to-landslide-in-meghalaya-116072100406_1.html,25.203,90.5573
9122,07/20/2016 12:00:00 AM,"Noonmati, Guwahati, Assam, India","Noonmati, Guwahati, Assam, India",5km,rain,medium,landslide,0,India,Assam,Times of India,http://timesofindia.indiatimes.com/city/guwahati/Landslide-toll-touches-6-as-woman-buried-alive-in-Guwahati/articleshow/53314082.cms,26.1966,91.802
9186,07/25/2016 12:30:00 PM,"Imphal-Dimapur road  in Tadubi, Senapati district, Manipur, India","Imphal-Dimapur road  in Tadubi, Senapati district, Manipur, India",1km,continuous_rain,medium,landslide,0,India,Manipur,E-Pao,http://www.e-pao.net/GP.asp?src=Snipp1..260716.jul16,25.48,94.1383
9219,07/26/2016 11:00:00 PM,"Zunheboto, Nagaland, India","Zunheboto, Nagaland, India",5km,downpour,medium,landslide,0,India,Nagaland,Nagaland Post,http://www.nagalandpost.com/ChannelNews/State/StateNews.aspx?news=TkVXUzEwMDEwMDE5MQ%3D%3D,26.0101,94.5282
9232,07/28/2016 11:00:00 PM,"Ngur, near Mizoram-Myanmar border, India","Ngur, near Mizoram-Myanmar border, India",1km,continuous_rain,medium,landslide,2,India,Mizoram,Business Standard,http://www.business-standard.com/article/pti-stories/two-killed-in-mizoram-landslide-116072900324_1.html,23.5397,93.3783
9251,07/28/2016 11:00:00 PM,"Government Middle School (GMS) Kiphire station “B”, Kiphire, Nagaland, India","Government Middle School (GMS) Kiphire station “B”, Kiphire, Nagaland, India",1km,downpour,medium,landslide,0,India,Nagaland,Nagaland Post,http://nagalandpost.com/ChannelNews/State/StateNews.aspx?news=TkVXUzEwMDEwMDI0Mw%3D%3D,25.8702,94.7844
9252,07/28/2016 12:00:00 AM,"Dolma Lhakang complex, Lumla, Tawang,  Arunachal Pradesh, India","Dolma Lhakang complex, Lumla, Tawang,  Arunachal Pradesh, India",5km,monsoon,medium,landslide,0,India,Arunachal Pradesh,Arunchal Times,http://www.arunachaltimes.in/monsoon-fury-continues-to-pound-tawang/,27.5748,91.8644
9464,08/05/2016 12:00:00 AM,Babrang village under Jang circle in Tawang district,Babrang village under Jang circle in Tawang district,5km,downpour,medium,landslide,0,India,Arunachal Pradesh,Business Standard,http://www.business-standard.com/article/pti-stories/three-injured-houses-collapse-in-landslide-in-arunachal-116080700399_1.html,27.5754,91.9754
9869,08/16/2016 12:40:00 PM,Landslide at Longding,"Longding, India",25km,other,small,landslide,1,,,The Assam Tribune,http://www.assamtribune.com/scripts/detailsnew.asp?id=aug1716/oth054,26.88161,95.399897
9904,08/25/2016 06:59:00 PM,Mudslide near Kohima,"Near Kohima, Nagaland, India",25km,rain,small,mudslide,,,,Nagaland Post,http://nagalandpost.com/ChannelNews/State/StateNews.aspx?news=TkVXUzEwMDEwMTQ5OQ%3d%3d,25.660517,94.104931
9917,09/01/2016 02:32:00 PM,Landslide in Silchar,"Silchar, Assam, India",50km,flooding,large,landslide,4,,,EENADU India,http://www.eenaduindia.com/states/east/assam/2016/09/01164302/2-bodies-found-2-others-missing-after-landslide-flood.vpf,24.768609,92.821182
9965,09/05/2016 06:04:00 PM,Landslide in Nagaland,"Mokochung, Nagaland, India",1km,rain,large,landslide,0,,,Nagaland Post,http://www.nagalandpost.com/ChannelNews/State/StateNews.aspx?news=TkVXUzEwMDEwMjA2OQ%3D%3D,26.324724,94.514651
9966,09/05/2016 06:04:00 PM,Landslide in Wokha-Merapani Road,"Wokha, India",,rain,large,landslide,0,,,Nagaland Post,http://www.nagalandpost.com/ChannelNews/State/StateNews.aspx?news=TkVXUzEwMDEwMjA2OQ%3D%3D,26.092493,94.257523
10960,09/17/2016 02:54:00 PM,Landslide in Mizoram,"Mizoram, India",5km,,,landslide,5,,,Indian Express,http://indianexpress.com/article/india/india-news-india/massive-landslide-in-mizoram-kills-five/,23.725943,92.7178
10964,11/01/2016 02:24:00 PM,Sankarsena landslide buries two during hill-cutting,"Sankarsena, Nabiganj upazilla, Habiganj, Gaznaipur Union, Bangladesh",5km,mining,medium,landslide,2,,,Landslide in Gaznaipur,http://bdnews24.com/bangladesh/2016/11/01/two-labourers-die-in-habiganj-landslip,24.506937,91.588893
10972,12/15/2016 02:22:00 PM,Landslide at Noonmati Nijarapar,"Noonmati Nijarapar, Assam, India",1km,unknown,small,landslide,1,,,NBC Daily,http://www.nbcdaily.com/separate-landslides-kill-two-in-assam/85170/,26.191688,91.810079
10973,12/15/2016 05:00:00 AM,Landslide at Pub Sarania Hill,"Pub Sarania Hill, Guwahati, Assam, India",1km,unknown,small,landslide,1,,,NBC Daily,http://www.nbcdaily.com/separate-landslides-kill-two-in-assam/85170/,26.181606,91.772042
10981,01/23/2017 02:49:00 PM,Companiganj Landslide in Stone Quarry,"Companiganj, Sylhet Division, Bangladesh",1km,mining,small,landslide,5,,,NewAge,http://www.newagebd.net/article/7829/death-toll-from-sylhet-landslide-rises-to-five,25.08734272,91.75063827
10864,02/07/2017 06:52:00 PM,Brickfield Worker Killed in Pirgachha upazila During Work,"Pirgachha Upazila, Rangpur Division, Bangladesh, পীরগাছা",10km,construction,medium,mudslide,1,,,The Daily Star,http://www.thedailystar.net/country/mudslide-kills-one-1357441,25.64319355,89.45570226
10970,02/09/2017 05:05:00 PM,Jade Mine Collapse in Hpakant in Kachin State Kills 9,"Hpakant, Kachin, Myanmar (Burma)",1km,mining,medium,landslide,9,,,Mizzima,http://www.mizzima.com/news-domestic/myanmar-jade-mine-landslide-kills-9-official,25.61953667,96.3086022
10989,02/15/2017 10:56:00 PM,Stone Quarry Landslide in Lamlyer,"Mawryngkneng, East Khasi Hills, Meghalaya",1km,mining,small,landslide,2,,,The Shillong Times,http://www.theshillongtimes.com/2017/02/16/2-die-in-quarry-landslide/,25.51826286,91.9630294
10982,03/06/2017 08:35:00 PM,Quarry Worker Killed in Companigonj Landslide,"Uthma Chara quarry, Companigonj Upazila, Bangladesh",10km,mining,small,landslide,1,,,The Daily Tribunal,http://thedailytribunal.net/landslide-claims-quarry-laborer-in-companigonj/,25.092576,91.763689
10984,03/08/2017 09:02:00 PM,Makeshift Stone Quarry Landslide Kills Worker,"Jaflang Mandir, Gowainghat upazila, Sylhet Division, Bangladesh",5km,mining,small,landslide,1,,,The Asian Age,http://dailyasianage.com/news/51110/sylhet-worker-killed-in-landslide,25.167803,92.019575
10983,03/16/2017 04:46:00 PM,Jaflong Landslide Caused by Illegal Stone Picking,"Noyabosti area beside the Piyan River, Jaflong, Gowainghat upazila, Sylhet District, Bangladesh, Y:25.178619 X:92.012806",5km,mining,small,landslide,2,,,JagoNews24,https://www.jagonews24.com/en/national/news/20458,25.178619,92.012806
11150,03/30/2017 08:28:00 PM,NH-37 Landslide in the Tamenglong District,"NH-37, between T. Laijang and K. Sinam villages, Tamenglong district, Manipur, 795008",10km,downpour,small,landslide,0,,,Nagaland Post,http://www.nagalandpost.com/ChannelNews/Regional/RegionalNews.aspx?news=TkVXUzEwMDExMjEyMg%3D%3D,24.79591421,93.72386429
10976,04/04/2017 12:57:00 PM,Landslide in Harangajao,"Harangajao, Assam, India",1km,rain,small,landslide,0,,,DNA,http://www.dnaindia.com/india/report-all-schools-in-dima-haso-district-closed-due-to-bad-weather-2381478,25.118398,92.853913
10977,04/04/2017 12:57:00 PM,Landslides along National Highway 54,,50km,rain,small,landslide,0,,,DNA,http://www.dnaindia.com/india/report-all-schools-in-dima-haso-district-closed-due-to-bad-weather-2381478,25.481623,93.141692
10978,04/04/2017 12:57:00 PM,Landslide in N. Leikul,"N. Leikul, Assam, India",1km,rain,small,landslide,0,,,DNA,http://www.dnaindia.com/india/report-all-schools-in-dima-haso-district-closed-due-to-bad-weather-2381478,25.132228,93.04681
10979,04/04/2017 12:57:00 PM,Landslide in Phaiding,"Phaiding, Assam, India",1km,rain,small,landslide,0,,,DNA,http://www.dnaindia.com/india/report-all-schools-in-dima-haso-district-closed-due-to-bad-weather-2381478,25.195355,93.172758
10980,04/04/2017 12:57:00 PM,Landslide in Mahur,"Mahur, Assam, India",1km,rain,small,landslide,0,,,DNA,http://www.dnaindia.com/india/report-all-schools-in-dima-haso-district-closed-due-to-bad-weather-2381478,25.181453,93.118105
10974,04/05/2017 01:19:00 PM,Fatal landslide in Bonda,"Bonda, Guwahati, Assam, India",5km,continuous_rain,medium,landslide,2,,,The Echo of India,http://echoofindia.com/guwahati-landslide-kills-2-labourers-guwahati-3-die-lightning-strikes-across-assam-125768,26.16066111,91.85294885
11152,04/06/2017 01:19:00 PM,Landslide in Sirakhong,"Sirakhong, Ukhrul Central, Ukhrul, Manipur State, India",exact,unknown,medium,landslide,0,,,Dailyworld,https://dailyworld.in/houses-damaged-in-landslide-in-imphal/,25.08303063,94.23757741
11154,04/07/2017 01:19:00 PM,Landslide blocks NH-29 between Pherima and Phiphema,"Medziphema, Dimapur, Nagaland",5km,rain,small,landslide,0,,,Nagaland Post,http://www.nagalandpost.com/ChannelNews/State/StateNews.aspx?news=TkVXUzEwMDExMjUzMQ%3D%3D,25.77171292,93.93507183
11173,04/22/2017 06:27:00 PM,Landslide at IMC Ward Number 18,"IMC ward #18 (??), Lower Subansiri, Arunachal Pradesh",10km,monsoon,small,landslide,0,,,The Dawnlit Post,https://thedawnlitpost.com/house-damaged-in-landslide/,27.61790706,93.84196894
11174,04/22/2017 06:27:00 PM,Fatal landslide near Palin,"Palin, Kurung Kumey, Arunachal Pradesh",1km,continuous_rain,small,landslide,3,,,The Northeast Today,https://thenortheasttoday.com/arunachal-pradesh-three-assam-labourers-killed-in-a-landslide/,27.6802471,93.62592773
10961,04/25/2017 05:58:00 PM,Landslide blocks NH-54,"NH-54, North Thingdawl, Kolasib, Mizoram, 796075",50km,continuous_rain,small,landslide,0,,,Outlook India,https://www.outlookindia.com/newsscroll/landslides-after-heavy-premonsoon-rain-in-mizoram/1035823,24.0135808,92.67420963
11171,04/26/2017 01:17:00 PM,Landslide on Senki View road,"Senki View, Itanagar, Papum Pare, Arunachal Pradesh, India",1km,continuous_rain,small,landslide,0,,,Hindustan Times,http://www.hindustantimes.com/india-news/floods-landslides-hit-arunachal-capital-itanagar-following-heavy-rains/story-0FRcHVbMWVXWXotUXVBVuI.html,27.104022,93.61156568
10975,04/29/2017 01:17:00 PM,Fatal landslide in Makhim village,"Makhim (??), West Karbi Anglong, Assam",25km,continuous_rain,medium,landslide,3,,,India Blooms,http://www.indiablooms.com/ibns_new/news-details/N/30787/assam-three-children-die-in-landslide-in-west-karbi-anglong.html,25.61919207,92.7094701
11175,05/03/2017 02:05:00 PM,Fatal landslide in Yangte,"Yangte, Kra Daadi District, Arunachal Pradesh, India",1km,rain,medium,landslide,1,,,Echo of Arunachal,http://echoofarunachal.in/newecho/2017/05/16/one-dies-in-landslide/,27.82743132,93.62407259
11156,05/16/2017 02:05:00 PM,Landslide on NH-29 between Dimapur and Kohima,"NH-29, Sechu (Zubza), Kohima, Nagaland, 797002",1km,continuous_rain,small,landslide,0,,,The Northeast Today,https://thenortheasttoday.com/nagaland-heavy-rainfall-and-landslide-massively-damages-nh-29/,25.73318099,93.99655231
9797,05/24/2017 08:14:00 PM,Mudslide in on Sarli-Damin road,"Sarli-Damin road in Kurung Kumey district, near Lee village",25km,rain,small,mudslide,1,,,Arunachal Times,http://www.arunachaltimes.in/mudslide-kills-one/,27.769793,93.50995626
9789,05/26/2017 04:59:00 PM,Retaining wall collapse in Nongpoh,"St Paul's Secondary School, Nongpoh",exact,rain,small,landslide,0,,,Shillong Times,http://www.theshillongtimes.com/2017/05/27/two-students-among-injured-in-nongpoh-landslide/,25.907233,91.881892
9770,06/01/2017 01:34:00 PM,"Landslide in Mizoram, off of Aizawl","Hunthar Area, NH 54, off of Aizawl",5km,tropical_cyclone,medium,landslide,0,,,Morung Express,http://morungexpress.com/landslides-mizoram-aizawl-cut-off/,23.73941422,92.71505961
9742,06/02/2017 01:34:00 PM,Landslide in Kohima,"The road that connects civil secretariat and medical college site towards BSF camp at Nhachüko, Kohima",1km,continuous_rain,medium,landslide,0,,,Nagaland Post,http://www.nagalandpost.com/channelnews/State/StateNews.aspx?news=TkVXUzEwMDExNTcxMA%3D%3D,25.67061161,94.11844319
9733,06/03/2017 01:20:00 PM,Landslide in Tripura,Vidyamohan Chowdhury Para (???) of remote Dhalai district,50km,continuous_rain,medium,landslide,3,,,Signs of the Times,https://www.sott.net/article/353005-Landslide-kills-at-least-3-in-Tripura-India,23.86469956,91.8949662
9745,06/03/2017 01:34:00 PM,Landslide in Kamalpur,Kamalpur,10km,rain,medium,landslide,3,,,Times of India,http://timesofindia.indiatimes.com/city/agartala/women-2-kids-killed-in-landslide/articleshow/58994998.cms,24.19467451,91.82931979
9743,06/04/2017 01:34:00 PM,Landslide near Itangar,"Poma River, west of Itangar",5km,unknown,medium,landslide,0,,,Arunachal Times,http://www.arunachaltimes.in/pipeline-damaged-in-poma-water-crisis-lingers-on/,27.05909317,93.54235868
9750,06/04/2017 01:34:00 PM,"Flood, Landslide in Assam",Dima Hasao district,50km,continuous_rain,medium,landslide,,,,NELive,http://www.nelive.in/assam/news/assam-flood-landslide-disrupts-rail-connectivity-barak-valley-over-13000-affected-due,25.15246863,92.94670614
9712,06/10/2017 01:27:00 PM,"Landslide in Aizawl, kills 2",,1km,rain,small,landslide,2,,,Zoram Observer,https://www.zoramobserver.com/mizoram/2-killed-in-landslide-triggered-by-heavy-rains/,23.73354779,92.74744512
9704,06/12/2017 01:27:00 PM,Mudslide in Eastern Manipur,"Khaivarentang village (??) in Ukhrul, Manipur",50km,continuous_rain,medium,mudslide,0,,,Eastern Mirror,http://www.easternmirrornagaland.com/landslide-hits-khaivarentang-homesteads-sunken/,25.11956675,94.36416626
10962,06/17/2017 01:16:00 PM,Landslide damages Aizawl-Champhai Road,"Aizawl-Champhai road, Champhai, Mizoram State, India",5km,continuous_rain,small,landslide,0,,,Zoram Observer,https://www.zoramobserver.com/mizoram/landslides-cut-off-various-parts-of-mizoram-as-rain-continues/,23.65637182,93.02746602
10985,06/17/2017 06:45:00 PM,Fatal landslide in Mawjrong,"Khatarshnong Laitkroh, East Khasi Hills, Meghalaya",1km,continuous_rain,medium,landslide,1,,,The Arunachal Times,http://www.arunachaltimes.in/six-killed-in-meghalaya-landslides/,25.43807422,91.79904872
10987,06/17/2017 06:45:00 PM,Fatal landslide in Umiam,"Umiam, Ribhoi, Meghalaya",5km,continuous_rain,medium,landslide,3,,,The Arunachal Times,http://www.arunachaltimes.in/six-killed-in-meghalaya-landslides/,25.67836832,91.9234343
10966,06/18/2017 02:21:00 PM,Fatal landslide in Dimai village,"Dimai village (??), Barlekha Upazila, Bangaldesh",5km,rain,medium,landslide,2,,,The New Nation,http://thedailynewnation.com/news/137920/two-killed-in-barlekha-landslide.html,24.70412149,92.23034662
11178,06/18/2017 01:16:00 PM,Landslide traps commuters,"Bhalukpong, Assam",10km,monsoon,medium,landslide,0,,,Eastern Mirror,http://www.easternmirrornagaland.com/army-rescues-200-people-from-landslide-site-in-arunachal-pradesh/,26.96437841,92.78260587
10965,06/19/2017 02:21:00 PM,Landslide in Lawachara National Park,"Lawachara National Park, Bangladesh",1km,rain,small,landslide,0,,,The Daily Star,http://www.thedailystar.net/backpage/rail-link-sylhet-cut-6-hours-1422739,24.33197035,91.8008536
9829,06/19/2017 01:15:00 PM,Landslide in Chimpu,,1km,unknown,small,landslide,1,,,Arunachal Times,http://www.arunachaltimes.in/akddsu-mourns-students-death/,27.06992579,93.6146564
11176,06/20/2017 01:16:00 PM,Fatal landslide in Gussar circle,"Gussar, Upper Subansiri, Arunachal Pradesh",5km,rain,medium,landslide,1,,,The Arunachal Times,http://www.arunachaltimes.in/man-buried-alive-in-landslide/,28.10756941,94.18315697
9834,06/21/2017 06:51:00 PM,Landslide in Itanagar,"Poma, 6km away from Itanagar",1km,rain,small,landslide,0,,,Arunachal Times,http://www.arunachaltimes.in/landslide-disrupts-water-supply-again/,27.05880384,93.54136779
11161,06/24/2017 01:23:00 PM,Landslide on road isolates villages,"Alongkima, Mokokchung, Nagaland",5km,rain,small,landslide,0,,,The Northeast Today,https://thenortheasttoday.com/nagaland-landslides-cuts-off-lifeline-route-to-12-villages/,26.66354481,94.62220277
10024,06/25/2017 01:10:00 PM,"Landslide on road near Ghokuto village, Nagaland","Ghokuto, Nagaland",5km,continuous_rain,medium,mudslide,0,,,Nagaland Post,https://www.nagalandpost.com/ChannelNews/State/StateNews.aspx?news=TkVXUzEwMDExNjg3MQ%3D%3D,25.83762589,93.94633448
9875,06/26/2017 01:20:00 PM,Landslide destroys section of National Highway 2,"NH 2, Manipur State, India",5km,downpour,large,landslide,0,,,Zoram Observer,https://www.zoramobserver.com/manipur/landslide-cuts-off-8-manipur-villages-in-pherzawl-district-for-5-days-now/,24.32420539,93.15020652
9877,06/26/2017 01:20:00 PM,Landslide blocks NH-2 between Pherzawl and Bukpi,"NH-2, Pherzawl District, Manipur State, India",10km,downpour,medium,landslide,0,,,Zoram Observer,https://www.zoramobserver.com/manipur/landslide-cuts-off-8-manipur-villages-in-pherzawl-district-for-5-days-now/,24.21988831,93.20266204
9876,06/27/2017 01:20:00 PM,Landslide cuts off NH 2,"NH 2, Manipur State, India",5km,downpour,medium,landslide,0,,,Zoram Observer,https://www.zoramobserver.com/manipur/landslide-cuts-off-8-manipur-villages-in-pherzawl-district-for-5-days-now/,24.30415689,93.18182448
9989,06/28/2017 04:00:00 PM,Landslide damages road,"Aizawl, Mizoram State, India",10km,other,large,landslide,0,,,Zoram Observer,https://www.zoramobserver.com/mizoram/aizawl-champhai-road-cut-off-by-strange-landslide/,23.69461107,92.87641207
9931,06/30/2017 03:17:00 PM,NH-2 blocked by landslide along Imphal-Dimapur section,Torrential downpour causes road-blocking lansdlide along NH-2 near Bimparao village,1km,downpour,small,landslide,0,,,E-Pao,http://e-pao.net/GP.asp?src=2..020717.jul17,25.06657276,93.9310888
9933,06/30/2017 03:17:00 PM,Landslide threatens orphanage with collapse,"Jollang, Itanagar Sub-District, Papum Pare, Arunachal Pradesh, 791123",1km,downpour,medium,landslide,0,,,The Arunachal Times,http://www.arunachaltimes.in/nature-unleashes-fury-leaves-trail-of-devastation-in-itanagar/,27.04768643,93.61899644
9932,07/01/2017 03:17:00 PM,Landslide near Dree Festival Ground,"Dree Festival Ground, NH-415, Arunachal Pradesh, India",exact,downpour,medium,landslide,0,,,The Arunachal Times,http://www.arunachaltimes.in/nature-unleashes-fury-leaves-trail-of-devastation-in-itanagar/,27.10647226,93.65975252
9934,07/01/2017 03:17:00 PM,Landslide blocks road,"Bhalukpong, West Kameng, Arunachal Pradesh",1km,continuous_rain,small,landslide,0,,,Arunachal Times,http://www.arunachaltimes.in/nature-unleashes-fury-leaves-trail-of-devastation-in-itanagar/,27.01145644,92.64204045
9935,07/01/2017 03:17:00 PM,House in Itanagar washed away by landslide,"Sanglo Potum (??), Itanagar, Papum Pare, Arunachal Pradesh",5km,continuous_rain,medium,landslide,0,,,Arunachal Pradesh,http://www.arunachaltimes.in/nature-unleashes-fury-leaves-trail-of-devastation-in-itanagar/,27.08168565,93.60815652
9948,07/01/2017 02:33:00 PM,Landslide causes Ukhrul-Imphal road to sink,"NH-150, Ukhrul Central, Ukhrul, Manipur, 795142",1km,rain,small,landslide,0,,,The Northeast Today,https://thenortheasttoday.com/manipur-ukhrul-district-affected-by-landslide-along-imphal-ukhrul-highway-namthilog/,24.95178179,94.20340026
9982,07/01/2017 04:00:00 PM,Landslide blocks roads,"Chuchuyimpang, Mokokchung, Nagaland",1km,downpour,medium,landslide,0,,,WebIndia123,https://news.webindia123.com/news/Articles/India/20170703/3137813.html,26.3312531,94.55427723
9983,07/01/2017 04:00:00 PM,Landslides blocks Wokha-Merapani Road,"Wokha Sadar Sub-District, Wokha, Nagaland",5km,continuous_rain,small,landslide,0,,,WebIndia123,https://news.webindia123.com/news/Articles/India/20170703/3137813.html,26.11613908,94.24222574
9984,07/01/2017 04:00:00 PM,Landslide along Wokha-Merapani road,"Wokha Sadar Sub-District, Wokha, Nagaland",5km,downpour,small,landslide,0,,,WebIndia123,https://news.webindia123.com/news/Articles/India/20170703/3137813.html,26.1445447,94.24416766
9940,07/03/2017 03:17:00 PM,Landslide in Panikhaiti kills girl,"Panikhaiti, Kamrup Metropolitan, Assam State, India",1km,continuous_rain,medium,landslide,1,,,The Tribune,http://www.tribuneindia.com/news/nation/7-year-old-girl-killed-by-landslide-at-guwahati/431122.html,26.20450454,91.87202793
9949,07/03/2017 02:33:00 PM,Landslide opposite Jorabat Police Outpost,"G S Road, Sonapur, Kamrup Metropolitan, Assam, 781141",1km,downpour,small,landslide,0,,,The Assam Tribune,http://www.assamtribune.com/scripts/detailsnew.asp?id=jul0417/city055,26.10035658,91.87351723
9951,07/03/2017 02:33:00 PM,Landslide hits Jorabat,"Jorabat, Assam State, India",5km,downpour,small,landslide,0,,,The Assam Tribune,http://www.assamtribune.com/scripts/detailsnew.asp?id=jul0417/city055,26.1061808,91.85158907
9952,07/03/2017 02:33:00 PM,Landslide hits Jorabat,"Sonapur, Kamrup Metropolitan, Assam",5km,downpour,small,landslide,0,,,The Assam Tribune,http://www.assamtribune.com/scripts/detailsnew.asp?id=jul0417/city055,26.10430759,91.86227824
9972,07/03/2017 04:00:00 PM,Fatal landslide in Chandrapur,"Chandrapur, Kamrup Metropolitan, Assam",10km,continuous_rain,medium,landslide,1,,,Hindustan Times,http://www.hindustantimes.com/india-news/two-more-killed-in-assam-floods-more-than-3-5-lakh-people-affected/story-MmZHSSifUM78Jhd7l8lEzJ.html,26.22247247,91.92053028
9974,07/04/2017 04:00:00 PM,Landslide blocks road,"AH1, Mao-Maram, Senapati, Manipur, 795150",1km,continuous_rain,small,landslide,0,,,Imphal Free Press,http://www.ifp.co.in/item/1610-landslide-at-mao-gate,25.4976444,94.12901274
9993,07/04/2017 07:39:00 PM,Landslide along Daporijo-Dumporijo road,"Daporijo-Dumporijo road, Arunachal Pradesh, India",10km,rain,small,landslide,0,,,The Arunachal Times,http://www.arunachaltimes.in/landslide-washes-away-house-in-daporijo/,27.97875751,94.26296826
9998,07/04/2017 07:39:00 PM,Landslide in Daporijo,"Abotani Colony, Daporijo Township, Arunachal Pradesh, India",1km,rain,medium,landslide,0,,,The Arunachal Times,http://www.arunachaltimes.in/landslide-washes-away-house-in-daporijo/,27.98531715,94.21263589
10005,07/06/2017 07:39:00 PM,Landslide crushes house,"Beltola, Assam State-Meghalaya State border, India",10km,continuous_rain,medium,landslide,0,,,DY365,http://dy365.in/news_details.php?aID=6427&subC=2,26.10973183,91.80317334
10986,07/06/2017 01:16:00 PM,Landslide on NH-6,"Umsning, Ribhoi, Meghalaya State, India",1km,downpour,medium,landslide,0,,,The Shillong Times,http://www.theshillongtimes.com/2017/07/07/landslide-blocks-nh-6-hundreds-stranded/,25.82860033,91.876717
10865,07/08/2017 02:21:00 PM,Landslide on Samdrupjongkhar to Trashigang road,Bhutan,25km,rain,small,landslide,,,,Kuensel,http://www.kuenselonline.com/landslides-block-roads-across-the-country/,27.16009861,91.6036289
11151,07/08/2017 01:23:00 PM,Landslides along Lamlang River,"Ukhrul Central, Ukhrul, Manipur",100km,continuous_rain,medium,landslide,0,,,E-Pao,http://e-pao.net/GP.asp?src=4..090717.jul17,25.06466676,94.27420555
11155,07/08/2017 01:23:00 PM,Landslides at Kiruphema village,"Kiruphema village, Kohima, Nagaland",5km,continuous_rain,medium,landslide,0,,,WebIndia123,https://news.webindia123.com/news/articles/India/20170708/3142321.html,25.72019272,94.03225673
11179,07/08/2017 02:21:00 PM,Landslide on Phuntsholing-Thimphu road,"Phuntsholing-Thimphu road, Bhutan",50km,downpour,small,landslide,,,,Kuensel,http://www.kuenselonline.com/landslides-block-roads-across-the-country/,27.02856666,89.57220662
11180,07/08/2017 02:21:00 PM,Landslide on road between Wangdue and Thimphu,"Wangdeu-Thimphu road, Bhutan",10km,downpour,small,landslide,0,,,Kuensel,http://www.kuenselonline.com/landslides-block-roads-across-the-country/,27.51353298,89.79033898
11181,07/08/2017 02:21:00 PM,Landslide blocks road between Dagapela and Dagana,Bhutan,5km,downpour,small,landslide,0,,,Keunsel,http://www.kuenselonline.com/landslides-block-roads-across-the-country/,27.04040393,89.90633458
11182,07/08/2017 02:21:00 PM,Landslides block roads connecting to Lhamoizingkha,Bhutan,25km,downpour,medium,landslide,0,,,Kuensel,http://www.kuenselonline.com/landslides-block-roads-across-the-country/,27.02099026,89.90712175
10968,07/09/2017 01:23:00 PM,Landslide blocks road near Thanlon,"Thanlon, Churachandpur, Manipur",1km,continuous_rain,small,landslide,0,,,Hindustan Times,http://www.hindustantimes.com/india-news/manipur-heavy-rains-trigger-landslides-along-national-highways/story-84kUb5i3oGENZmSEVhJ3eO.html,24.27173018,93.28039349
10988,07/09/2017 06:45:00 PM,Landslide on NH-6,"Pahamrynnai, Ribhoi, Meghalaya",1km,continuous_rain,small,landslide,0,,,The Shillong Times,http://www.theshillongtimes.com/2017/07/10/landslide-in-ri-bhoi-blocks-nh-6/,25.82601444,91.87113067
11149,07/09/2017 01:23:00 PM,Landslide on NH-37,"NH-37, Manipur State, India",10km,continuous_rain,medium,landslide,0,,,Hindustan Times,http://www.hindustantimes.com/india-news/manipur-heavy-rains-trigger-landslides-along-national-highways/story-84kUb5i3oGENZmSEVhJ3eO.html,24.82767572,93.51825
11153,07/09/2017 01:23:00 PM,Landslide in Langol Laimanai,"Langol Laimanai, Imphal West, Manipur",5km,continuous_rain,small,landslide,0,,,Hindustan Times,http://www.hindustantimes.com/india-news/manipur-heavy-rains-trigger-landslides-along-national-highways/story-84kUb5i3oGENZmSEVhJ3eO.html,24.83507319,93.89896294
11157,07/09/2017 01:23:00 PM,Significant landslide blocks NH-29 near Peducha,"Peducha, Kohima, Nagaland State, India",1km,continuous_rain,medium,landslide,0,,,Eastern Mirror,http://www.easternmirrornagaland.com/landslide-near-peducha-cuts-off-national-highway-29/,25.73111942,93.98827528
11159,07/09/2017 01:23:00 PM,Landslide on NH-2 between Sinam and Laijang,"Jakhama, Kohima, Nagaland",10km,continuous_rain,small,landslide,0,,,Hindustan Times,http://www.hindustantimes.com/india-news/manipur-heavy-rains-trigger-landslides-along-national-highways/story-84kUb5i3oGENZmSEVhJ3eO.html,25.6320357,94.10065403
11162,07/09/2017 06:45:00 PM,Landslide blocks NH-37,"Burapahar, Nagaon, Assam",5km,continuous_rain,small,landslide,0,,,Daily World,https://dailyworld.in/nagaon-a-landslide-at-national-highway-37-near-burapahar-area-in/,26.56636244,93.13195098
11164,07/09/2017 01:23:00 PM,Landslides on Itanagar-Naharlagun road,"NH-52A, Naharlagun Sub-District, Papum Pare, Arunachal Pradesh, 791111",5km,continuous_rain,small,landslide,0,,,Arunachal Times,http://www.arunachaltimes.in/arunachal-devastated-by-landslides-and-floods-minor-dead/,27.1071241,93.65156438
11165,07/09/2017 01:23:00 PM,"Landslide near Civil Secretariat, Itanagar","Civil Secretariat, Itanagar, Arunachal Pradesh, India",exact,continuous_rain,small,landslide,0,,,Arunachal Times,http://www.arunachaltimes.in/arunachal-devastated-by-landslides-and-floods-minor-dead/,27.092916,93.61882043
11166,07/09/2017 01:23:00 PM,Landslides in Aalo,"Aalo, Itanagar, Papum Pare, Arunachal Pradesh",5km,continuous_rain,small,landslide,0,,,Arunachal Times,http://www.arunachaltimes.in/arunachal-devastated-by-landslides-and-floods-minor-dead/,27.07671517,93.59755441
11167,07/09/2017 01:23:00 PM,Landslide on road near Durga Mandir,"Naharlagun Sub-District, Papum Pare, Arunachal Pradesh",10km,continuous_rain,small,landslide,0,,,Arunachal Times,http://www.arunachaltimes.in/arunachal-devastated-by-landslides-and-floods-minor-dead/,27.11610665,93.79559574
11169,07/09/2017 02:21:00 PM,Landslide on Itanagar- Jote-Tapiasso road,"Itanagar- Jote-Tapiasso road, Papum Pare, Arunachal Pradesh",10km,continuous_rain,medium,landslide,0,,,The Arunachal Times,http://www.arunachaltimes.in/rebia-inspects-flood-ravaged-itanagar-jote-tapiasso-road-doimukh-circle/,27.05957271,93.50102778
11170,07/09/2017 01:23:00 PM,Mudslides in Borum and Nyorch,"Naharlagun Sub-District, Papum Pare, Arunachal Pradesh",5km,continuous_rain,medium,mudslide,0,,,The Arunachal Times,http://www.arunachaltimes.in/arunachal-devastated-by-landslides-and-floods-minor-dead/,27.14163897,93.66495709
11172,07/09/2017 01:23:00 PM,Landslide at Niti Vihar,"Niti Vihar, Itanagar, Arunachal Pradesh, India",5km,continuous_rain,medium,landslide,0,,,Arunachal Times,http://www.arunachaltimes.in/arunachal-devastated-by-landslides-and-floods-minor-dead/,27.0844941,93.60505989
10004,07/10/2017 02:21:00 PM,Landslide damages house,"Dispur, Kamrup Metropolitan, Assam",1km,continuous_rain,small,landslide,0,,,The Assam Tribune,http://www.assamtribune.com/scripts/detailsnew.asp?id=jul1117/city050,26.14547804,91.79364785
10007,07/10/2017 02:21:00 PM,Landslide in Chandmari,"Chandmari, Guwahati, Kamrup Metropolitan, Assam, 781003",1km,continuous_rain,small,landslide,0,,,The Assam Tribune,http://www.assamtribune.com/scripts/detailsnew.asp?id=jul1117/city050,26.19037705,91.77306002
10967,07/10/2017 06:45:00 PM,Landslide near Molnom blocks road,"NH-150, Churachandpur, Manipur, 795133",25km,rain,small,landslide,0,,,Imphal Times,http://www.imphaltimes.com/news/item/9009-state-medical-team-rushes-henglep-sub-division-stranded-midway-due-to-landslide,24.37169581,93.70684171
11160,07/10/2017 02:21:00 PM,Landslide in Tuensang Village,"Tuensang, Nagaland",5km,unknown,medium,landslide,0,,,Eastern Mirror,http://www.easternmirrornagaland.com/landslide-damages-houses-in-tuensang-village/,26.2632687,94.81481951
11163,07/10/2017 02:21:00 PM,Fatal landslide in Narayanpur,"Narayanpur, Lakhimpur, Assam, 784164",1km,continuous_rain,medium,landslide,2,,,Firstpost,http://www.firstpost.com/india/assam-floods-death-toll-reaches-33-over-12-55-lakh-people-affected-across-20-districts-3798017.html,26.95223279,93.85748748
11168,07/11/2017 02:21:00 PM,Large landslide at Laptap village,"Laptap, Papum Pare, Arunachal Pradesh, India",1km,continuous_rain,large,landslide,14,,,Hindustan Times,http://www.hindustantimes.com/india-news/14-people-feared-dead-in-massive-landslide-in-arunachal-pradesh/story-I1ogsSk2zfyvXm2wGlmjWP.html,27.21668161,93.63051815
11177,07/11/2017 02:24:00 PM,Landslide in Tawang,"Tawang, Arunchal Pradesh",5km,rain,large,landslide,19,,,NewsBytes,https://www.newsbytesapp.com/timeline/India/1929/11909/arunachal-pradesh-floods-landslides-reap-misery,27.583849,91.876945
11158,07/12/2017 01:28:00 PM,"Landslide destroys houses in Kohiama, near High School area","Kohima, Nagaland, India",1km,rain,medium,landslide,0,,,Eastern Mirror,http://www.easternmirrornagaland.com/21-houses-destroyed-by-landslide-in-kohima-town/,25.69111465,94.09483333
